Age,BMI,Fasting_Glucose,Family_History,Previous_GDM,Risk_Level
24,29.14679828,72,0,0,Low
37,26.51921997,191,0,0,Medium
32,37.94458863,112,0,0,Medium
28,18.35336103,76,0,0,Low
25,35.20776779,194,0,0,High
38,20.73642229,118,0,0,Medium
24,35.54604193,190,0,0,High
43,31.55006214,142,1,0,High
36,36.552118,110,1,0,High
40,20.14531516,175,0,0,Medium
28,30.29757395,146,0,0,High
28,29.02393337,196,0,0,Medium
41,33.53625003,160,1,1,High
38,29.75439214,77,0,0,Low
21,29.89616048,101,0,1,Medium
25,27.45111076,133,0,0,Medium
41,24.79435733,82,0,1,Medium
20,28.60981595,162,0,0,Medium
39,20.60683189,130,1,0,High
38,39.15329346,77,1,0,High
19,33.7170368,98,0,0,Low
41,38.95427657,164,0,1,High
29,22.98800241,110,0,0,Low
23,37.34550244,80,0,1,Medium
19,35.79337966,71,1,0,Medium
38,32.89735307,149,0,0,High
18,31.75064209,156,0,0,High
29,24.96409264,175,0,1,High
43,35.96103727,86,1,0,High
39,29.03334015,92,1,0,Medium
29,19.55961467,117,0,0,Low
42,24.88298954,89,0,0,Low
34,38.57653617,71,0,1,Medium
44,36.71496573,157,1,0,High
44,39.60192536,100,0,0,High
27,31.81585442,199,0,0,High
33,23.44522161,147,0,0,Medium
32,21.58193109,73,1,0,Low
32,22.11211769,197,0,0,Medium
36,18.43550448,100,0,0,Medium
29,26.59500644,90,0,0,Low
40,22.21140897,92,1,0,Medium
37,27.05642013,98,1,0,Medium
42,38.5698775,174,1,1,High
20,27.47188461,121,0,1,Medium
22,37.31565893,184,0,0,High
36,31.32110487,170,1,0,High
24,23.4368942,153,0,0,Medium
38,25.8288047,130,1,0,High
26,19.84622979,194,1,0,Medium
24,25.33617706,140,0,0,Medium
35,32.9059008,139,0,0,High
21,19.58644404,177,1,0,Medium
42,22.51883099,90,1,1,High
31,26.39170291,151,0,0,Medium
35,39.60508981,157,0,0,High
43,35.26696011,180,0,0,High
26,34.13670842,79,0,0,Low
43,20.55620104,81,0,0,Low
38,35.18190966,76,0,0,Medium
19,35.27591385,183,1,0,High
37,31.2242593,95,1,0,High
32,39.7879592,84,1,0,Medium
24,25.15558593,102,0,0,Low
29,38.70799386,131,0,1,High
25,38.12408453,116,1,0,High
32,18.25257451,164,0,0,Medium
20,27.90256358,104,0,0,Low
31,39.49629313,145,0,0,High
34,20.26866997,192,1,1,High
21,30.05126328,152,1,0,High
35,39.53706515,94,0,0,Medium
25,30.22089933,126,1,0,High
21,22.17593667,101,0,0,Low
19,30.80803106,132,0,1,High
23,22.49769263,81,1,0,Low
39,29.43349378,132,1,0,High
27,19.62892879,146,0,1,High
21,31.32061872,161,0,0,High
39,29.36937866,70,1,0,Medium
35,34.28355011,139,1,0,High
43,31.87541037,155,1,0,High
29,30.09133791,108,0,0,Medium
19,33.17513468,92,1,0,Medium
27,21.1667221,137,1,0,Medium
21,31.09791255,73,0,1,Medium
31,21.78643326,195,1,0,Medium
33,38.36148857,90,0,0,Low
32,19.50335031,174,0,0,Medium
25,27.46824449,135,1,1,High
31,33.30754451,76,0,0,Low
40,28.07648866,118,0,1,High
42,20.02609557,85,1,0,Medium
25,30.17433835,153,0,1,High
38,32.11590199,156,0,0,High
33,33.48343084,167,1,0,High
30,26.21171592,144,0,0,Medium
35,30.40051936,103,0,0,High
32,27.91510245,95,0,0,Low
38,32.78523285,135,0,0,High
41,30.83825328,194,1,0,High
43,29.56663683,132,1,1,High
42,23.48953607,156,0,0,Medium
30,18.04440739,110,1,0,Medium
26,21.82979686,167,0,0,Medium
32,20.57545291,193,0,0,Medium
30,27.87986439,148,1,1,High
18,31.46967932,79,1,0,Medium
42,22.68787019,84,0,0,Low
24,38.65925611,111,0,0,Medium
26,18.14700684,162,0,1,High
41,34.99062233,86,0,1,High
18,31.75450493,78,0,0,Low
29,26.21820562,183,1,0,Medium
25,19.11075678,105,0,0,Low
41,31.80470458,105,1,0,High
28,26.48349728,117,0,0,Low
36,38.59787707,120,0,0,High
34,29.92378165,166,0,0,Medium
25,38.67233325,188,0,0,High
20,22.85064126,164,1,0,Medium
20,33.96597003,139,0,0,High
18,31.57947846,143,0,0,High
44,34.26698106,149,1,0,High
22,22.72269301,137,1,0,Medium
27,32.62987936,146,0,0,High
24,28.95688865,185,0,1,High
43,34.34214945,75,1,0,High
26,25.19498217,144,1,0,Medium
24,37.58125456,157,1,1,High
26,19.85462892,72,0,0,Low
25,35.75816501,121,1,1,High
29,36.94903177,143,0,0,High
19,35.97955085,194,0,0,High
18,29.27998067,134,1,0,Medium
33,27.64446956,121,0,0,Low
40,39.9177703,145,0,0,High
40,23.04178293,158,0,0,Medium
41,30.03127125,141,0,1,High
22,32.75486156,137,1,0,High
20,33.41908799,184,1,0,High
29,22.48854265,126,0,0,Medium
25,32.38787003,135,0,0,High
39,36.00413046,159,1,0,High
44,19.10040869,119,1,0,Medium
20,38.05346845,83,0,0,Low
18,18.64908921,85,1,0,Low
20,25.83136271,111,1,0,Medium
22,18.34789032,179,0,0,Medium
32,19.69719371,91,0,0,Low
31,38.04570227,137,0,0,High
20,25.80693828,88,1,0,Low
18,27.34497367,135,0,0,Medium
22,22.73757639,142,0,0,Medium
43,31.13610694,123,0,0,High
40,31.08567072,181,1,0,High
31,26.18840862,87,0,0,Low
24,25.32676718,186,1,0,Medium
44,37.46921478,154,1,0,High
26,26.43225327,108,0,1,Medium
32,28.85702183,174,0,0,Medium
32,24.23270477,137,0,0,Medium
43,35.30892907,94,1,0,High
27,26.74385945,192,0,1,High
30,29.29944302,190,0,0,Medium
36,23.57385774,130,0,0,Medium
24,39.72851103,169,0,0,High
34,24.4129063,120,1,0,Medium
37,34.95633568,167,1,0,High
21,27.40490431,71,1,0,Low
22,22.53678291,74,0,0,Low
40,35.59381281,155,0,1,High
24,25.33934936,137,1,0,Medium
30,37.03425364,78,0,0,Low
32,38.13565807,162,1,0,High
28,36.91612438,194,0,0,High
21,18.77017413,130,0,1,High
30,35.32221359,120,1,0,High
24,27.04946826,79,1,0,Low
44,37.22190424,131,1,1,High
36,32.03499378,182,0,0,High
39,36.34014895,191,0,0,High
19,28.98749894,192,0,0,Medium
27,29.7705611,132,1,1,High
30,21.17652791,180,1,1,High
42,35.24772189,158,0,0,High
38,27.22657146,120,1,0,Medium
23,29.0017626,173,1,1,High
29,35.27214971,192,1,0,High
29,31.1745988,117,0,1,High
37,22.424172,101,0,0,Medium
28,30.9851185,189,1,0,High
43,26.96792288,168,0,0,Medium
40,28.32956192,143,1,0,High
42,18.62284804,103,1,0,Medium
24,22.62064569,139,1,1,High
18,24.18283779,179,0,0,Medium
18,33.68512017,85,0,1,Medium
42,18.25283441,128,0,0,Medium
44,26.99309975,88,0,0,Low
42,38.32859115,164,0,1,High
37,20.46137356,182,0,0,Medium
30,29.36133654,110,0,0,Low
26,35.30349241,150,0,0,High
20,38.73568877,172,0,0,High
24,34.42908607,123,0,0,Medium
23,33.85244207,164,0,1,High
25,36.18273798,131,1,1,High
44,27.81642686,168,0,0,Medium
26,35.72857972,162,0,0,High
22,18.1752169,134,1,0,Medium
18,38.34034322,137,1,0,High
36,27.75274321,97,0,0,Low
27,30.17436413,87,1,1,High
29,23.60740948,95,1,0,Low
41,34.33567832,173,1,0,High
32,19.68598774,124,0,1,Medium
44,37.19798766,188,1,0,High
39,36.21857024,193,0,1,High
41,22.75332256,198,0,0,Medium
26,35.80513676,77,1,0,Medium
37,35.29987013,120,0,1,High
34,31.90876515,154,1,0,High
34,26.21744389,94,0,1,Low
43,23.97297259,152,1,1,High
37,23.09923899,162,0,0,Medium
29,25.00939718,186,0,0,Medium
24,37.87828576,125,0,0,Medium
19,19.70809707,81,0,1,Low
20,36.23516808,189,0,0,High
34,25.67558165,140,1,0,Medium
22,29.47518671,86,0,0,Low
34,35.47868394,191,1,0,High
41,37.45628403,193,0,1,High
34,25.58519124,79,0,1,Low
44,28.16055659,100,1,1,High
34,27.11935343,129,0,0,Medium
19,18.29152274,139,1,0,Medium
19,24.51074355,86,1,0,Low
39,28.10216314,119,0,0,Medium
40,27.0440594,106,1,0,Medium
22,33.88244301,187,1,1,High
18,26.46567958,149,0,1,High
18,28.76628188,80,1,1,Medium
36,27.45138903,192,0,1,High
19,34.29377528,104,0,1,High
38,36.98539278,102,1,0,High
29,29.70155974,87,1,1,Medium
43,35.36750827,82,1,0,High
23,24.529307,159,1,0,Medium
40,29.91013142,179,1,0,High
21,25.59505898,70,1,0,Low
40,27.11242036,132,0,0,Medium
28,34.11310503,103,0,0,Medium
41,37.39657461,172,0,0,High
44,20.6728986,79,1,1,High
34,31.96206364,197,0,1,High
23,30.80716377,76,0,0,Low
41,20.60513086,125,0,0,Medium
22,22.66167527,149,1,0,Medium
37,24.84205488,81,1,0,Medium
19,21.67248356,117,0,0,Low
23,23.36204862,95,0,1,Low
39,23.88721757,181,0,0,Medium
28,25.38482433,191,0,0,Medium
33,34.48658996,81,0,0,Low
33,30.58206848,111,1,0,High
18,39.69742678,130,1,0,High
26,27.12418819,127,0,0,Medium
44,34.58503162,103,0,1,High
23,37.17230527,76,0,0,Low
33,32.93752685,178,0,0,High
20,27.06102429,104,0,0,Low
37,34.57908188,84,0,0,Medium
44,22.48067703,94,0,0,Low
21,25.20614763,128,1,0,Medium
36,30.02707561,148,1,0,High
43,30.65900652,155,1,0,High
20,18.48711246,157,0,0,Medium
36,38.79251215,140,1,0,High
37,33.32579997,190,1,0,High
24,28.90548251,162,0,0,Medium
37,38.52879916,165,0,0,High
26,27.66010244,101,0,0,Low
18,39.56958255,122,0,0,Medium
25,29.27026466,128,0,0,Medium
24,20.51428694,138,0,0,Medium
35,34.82562139,155,0,0,High
25,32.93574995,87,0,0,Low
18,35.00570787,150,0,1,High
28,38.93172463,183,1,0,High
42,35.08276466,93,0,1,High
42,31.44940525,135,1,1,High
35,36.86079585,131,0,1,High
40,32.81142167,123,0,0,High
27,26.97861925,106,0,0,Low
20,37.48363481,106,0,0,Medium
24,22.88181014,104,0,0,Low
33,33.72210805,193,0,0,High
43,37.39439601,87,0,1,High
33,34.08896343,191,1,0,High
42,33.34005922,117,0,0,High
37,34.55804247,86,1,0,High
34,28.23121546,126,0,0,Medium
19,37.23175501,77,1,0,Medium
18,22.47560245,197,0,0,Medium
33,20.80250115,186,1,0,Medium
29,24.28119316,125,1,0,Medium
22,29.69470273,195,1,1,High
22,29.2323595,128,0,1,High
44,36.05317267,127,1,0,High
40,26.90051044,177,0,1,High
26,28.65557738,143,1,0,Medium
26,18.29408903,170,0,0,Medium
20,27.0142632,117,0,0,Low
36,32.25103312,140,0,0,High
33,18.34118327,185,0,0,Medium
33,24.17940323,191,1,0,Medium
20,22.5750399,147,1,0,Medium
37,18.92367944,98,1,0,Medium
41,28.54372198,162,1,0,High
39,21.99791245,142,1,0,High
41,34.34779387,169,0,0,High
18,36.65441344,143,0,1,High
41,30.00287402,164,0,0,High
37,39.59756154,86,0,0,Medium
28,27.91052857,166,0,0,Medium
34,29.29410062,78,0,0,Low
25,39.76279059,88,0,0,Low
21,23.09406559,183,0,0,Medium
23,38.73601067,194,1,0,High
25,18.94242621,130,0,0,Medium
37,27.82051159,111,0,0,Medium
20,19.54007727,82,0,0,Low
33,34.04316434,154,0,1,High
42,31.38499659,89,0,0,Medium
20,33.5459538,119,0,0,Medium
42,26.2385688,161,0,0,Medium
35,26.12860255,157,0,1,High
31,18.99702414,138,0,0,Medium
35,25.69878867,106,0,0,Medium
19,38.44434485,168,1,0,High
39,26.34298382,194,0,0,Medium
20,36.29008954,123,0,1,High
33,36.5311611,199,0,0,High
26,26.21130544,110,1,0,Medium
21,31.90375097,114,0,1,High
18,20.09817525,172,1,1,High
21,20.28092878,175,1,0,Medium
18,19.0704686,197,0,0,Medium
31,30.78233205,155,0,0,High
38,27.37356151,116,0,0,Medium
33,30.05671185,74,0,1,Medium
37,29.46361019,70,0,0,Low
41,25.7044658,113,0,0,Medium
25,32.90441513,107,0,0,Medium
24,34.68704138,88,0,0,Low
20,18.3218217,184,1,0,Medium
34,22.55933059,156,0,0,Medium
18,33.6911891,192,1,0,High
33,26.5056438,151,1,0,Medium
29,32.57464683,127,1,1,High
44,25.63317851,136,1,0,High
36,26.59661335,191,0,0,Medium
39,21.49093522,156,0,0,Medium
40,23.68108243,124,0,0,Medium
39,31.31905867,158,0,0,High
31,27.52958845,127,1,0,Medium
23,35.03465902,132,1,0,High
23,36.75686901,160,0,0,High
30,29.9162212,121,0,0,Low
36,34.68188043,195,0,0,High
39,24.75189929,93,0,1,Medium
25,27.12936674,141,0,0,Medium
44,33.68110888,78,0,1,High
44,26.49666384,179,1,1,High
19,30.94710857,163,0,0,High
38,22.07820114,186,1,0,High
18,31.19496893,152,1,0,High
32,36.95330156,149,1,0,High
18,37.11007208,169,0,0,High
22,33.93557694,109,1,0,High
33,34.40657434,172,1,0,High
36,30.27440379,131,0,0,High
21,30.86269798,138,0,0,High
20,20.94031279,178,1,0,Medium
34,27.76490215,73,0,0,Low
34,27.91707825,141,0,0,Medium
29,39.08695238,86,0,0,Low
31,27.48391098,183,1,0,Medium
38,30.08553819,154,1,0,High
23,29.73153078,126,0,0,Medium
20,32.00875777,176,0,0,High
26,34.46112229,117,1,0,High
22,22.95092128,186,1,1,High
41,29.63193722,100,1,1,High
34,36.17018956,181,0,0,High
31,28.1885237,116,0,0,Low
38,24.12606602,177,0,0,Medium
20,32.40359966,141,1,0,High
18,36.12288271,140,0,0,High
37,19.38908644,177,0,0,Medium
38,35.08939063,122,0,0,High
40,36.07625453,85,0,0,Medium
18,28.15350441,185,1,0,Medium
20,39.63272445,142,0,0,High
35,35.3075835,143,1,0,High
42,35.02057643,150,1,0,High
27,34.45244864,81,0,0,Low
39,21.31337827,197,1,0,High
43,22.7790795,139,1,0,High
20,28.20778289,110,1,0,Medium
25,23.8080957,128,0,0,Medium
31,27.13530139,158,0,0,Medium
41,37.54621042,93,0,0,Medium
35,36.13519162,149,1,0,High
32,31.86087733,161,1,0,High
39,36.87864867,161,1,0,High
40,35.24299256,150,0,0,High
19,27.4376685,140,0,0,Medium
44,22.42343335,134,0,0,Medium
27,29.31242288,121,0,0,Low
19,34.19703542,99,1,0,Medium
43,27.60123117,168,0,0,Medium
34,32.66898202,167,0,0,High
25,20.07520338,111,0,0,Low
18,34.4561042,96,0,1,Medium
26,35.87969964,141,0,0,High
28,33.55043283,87,0,0,Low
39,39.27979893,146,0,0,High
33,36.18634526,114,0,0,Medium
24,37.86806201,184,0,0,High
27,38.53856384,156,1,0,High
40,35.62965582,161,0,0,High
43,32.83369452,91,1,0,High
20,18.12580879,161,1,1,High
35,28.24816657,146,0,0,Medium
42,30.56557057,94,1,0,High
41,24.68866599,177,0,0,Medium
30,24.99829783,178,1,0,Medium
43,39.14550715,93,1,0,High
24,37.61763903,88,1,0,Medium
42,36.68193812,152,0,0,High
21,26.93225964,184,0,0,Medium
30,18.30136811,78,0,0,Low
37,19.76488942,181,1,0,High
18,24.8683201,171,1,0,Medium
25,18.34634409,117,0,0,Low
31,18.3772952,138,0,0,Medium
33,38.16527264,188,1,0,High
31,33.53548705,114,0,0,Medium
29,24.79703178,194,1,0,Medium
36,20.91818071,83,1,1,High
40,29.25598579,106,0,0,Medium
32,18.11761554,122,1,0,Medium
19,38.64510236,87,0,0,Low
19,27.12593263,107,0,1,Medium
40,26.85136902,198,1,0,High
39,26.59305937,113,1,0,Medium
36,19.52522327,116,0,1,High
42,32.04308928,104,0,1,High
43,34.12607963,129,0,0,High
39,32.87475875,159,0,1,High
43,21.04558085,121,0,0,Medium
43,30.7344837,77,0,0,Medium
39,30.52865865,176,0,0,High
34,37.10503733,165,0,1,High
37,26.34080848,95,0,0,Low
27,26.17269076,180,1,0,Medium
23,31.60759529,192,1,1,High
32,31.92759838,120,0,0,Medium
39,28.324275,192,0,0,Medium
28,27.74730597,74,0,0,Low
22,28.87124875,146,0,0,Medium
18,36.94299659,70,0,0,Low
25,28.14567183,80,1,1,Medium
38,38.67849942,77,1,0,High
29,29.0880828,101,1,0,Medium
29,38.88241525,97,0,0,Low
22,36.32230184,197,1,0,High
24,25.9734891,131,1,0,Medium
21,37.00011127,96,0,0,Low
23,20.42139225,114,0,0,Low
30,38.35103786,174,0,1,High
37,31.89615733,161,0,0,High
32,19.19659647,94,1,0,Low
20,32.17364792,113,0,1,High
40,39.43344839,149,0,0,High
25,19.5356144,151,0,0,Medium
37,30.20312962,157,0,1,High
33,34.45147569,196,1,0,High
30,35.82568891,124,0,0,Medium
35,27.10420424,125,1,0,Medium
27,22.4916643,84,0,0,Low
36,18.93153013,127,0,0,Medium
34,30.75397546,157,0,0,High
41,27.96404355,166,1,0,High
36,38.87237669,77,0,0,Medium
43,19.33330797,109,0,0,Medium
40,33.07869756,83,0,0,Medium
43,18.54925689,122,0,0,Medium
22,21.77155189,196,1,0,Medium
43,27.978738,149,0,0,Medium
38,28.00719374,184,0,0,Medium
40,33.08541194,124,0,0,High
26,38.02468677,113,1,0,High
29,32.0587075,87,0,0,Low
38,38.97777215,85,1,1,High
18,37.39554408,81,1,0,Medium
43,30.8589955,114,0,0,High
43,36.34342292,162,0,0,High
18,32.13670743,91,0,0,Low
32,19.72827228,166,1,0,Medium
19,34.29242391,116,0,0,Medium
39,20.08798571,98,0,1,Medium
33,31.06982117,114,1,0,High
42,33.45808453,146,0,0,High
25,19.46360738,78,0,1,Low
30,23.07748239,93,0,0,Low
38,38.14478911,84,0,0,Medium
18,31.55891883,82,0,1,Medium
33,23.41829241,160,0,0,Medium
24,33.19495497,170,1,0,High
22,31.12908124,140,0,1,High
39,29.0346654,191,1,0,High
40,39.47611345,145,1,1,High
20,33.0359831,185,0,0,High
29,26.25970441,130,1,0,Medium
43,35.60161551,195,0,0,High
33,37.46083244,70,1,0,Medium
36,20.75485231,137,1,0,High
22,22.41216551,157,0,0,Medium
39,22.7569942,90,0,0,Low
42,33.20665981,72,0,0,Medium
31,31.26687021,120,0,0,Medium
22,31.61781442,148,0,0,High
32,38.69701259,164,0,0,High
34,35.07005372,192,1,0,High
31,20.81461234,75,0,1,Low
37,25.64515581,86,1,0,Medium
22,27.57866022,186,1,0,Medium
29,26.71115495,129,0,1,High
33,32.7247894,194,1,0,High
43,37.62164827,150,0,0,High
43,24.7331322,154,0,0,Medium
33,30.141297,120,1,1,High
38,35.36700728,140,0,0,High
24,27.15679729,108,0,1,Medium
21,21.69859882,138,1,1,High
18,28.44892124,117,1,0,Medium
22,19.21489546,194,1,0,Medium
40,38.73243599,126,1,0,High
43,19.64606651,90,0,0,Low
27,27.64604774,151,0,0,Medium
39,29.65738774,168,1,1,High
22,39.67668431,84,0,0,Low
21,21.65248012,138,0,0,Medium
19,20.51749341,145,0,0,Medium
37,18.19153524,131,1,0,High
27,21.42257161,188,0,0,Medium
43,22.56000554,106,1,0,Medium
36,31.87278071,95,0,0,Medium
43,22.83354939,77,0,0,Low
18,18.45145792,73,0,1,Low
41,36.1856036,90,0,0,Medium
22,26.04310542,94,1,0,Low
30,25.7813271,112,0,0,Low
21,24.65453864,106,0,0,Low
33,39.4582121,111,0,0,Medium
41,21.74253918,161,0,0,Medium
33,37.76123741,130,0,1,High
40,35.08967331,137,0,0,High
19,19.68255902,122,1,0,Medium
34,39.70804023,153,1,0,High
44,23.9700512,103,0,1,High
37,20.16882439,145,0,0,Medium
41,36.24491315,166,0,0,High
29,33.54686174,99,0,0,Low
35,31.57881373,157,1,1,High
20,21.431579,76,1,1,Medium
18,28.52691456,105,0,0,Low
18,35.17223259,107,1,0,High
36,24.67972664,121,0,0,Medium
28,24.85717623,162,0,1,High
22,18.06909993,176,0,1,High
29,21.83335484,195,0,1,High
20,37.25892375,118,1,1,High
18,27.71842282,90,0,1,Low
18,39.65315898,84,0,0,Low
25,26.7055752,83,1,1,Medium
27,33.73410201,111,1,0,High
28,24.20221894,84,1,1,Medium
29,26.00381211,132,1,0,Medium
30,22.19597173,96,0,0,Low
29,25.63537211,162,1,0,Medium
31,30.03922545,174,1,0,High
19,39.81900338,122,1,0,High
36,32.61243769,121,1,0,High
35,22.383411,132,0,0,Medium
20,18.98915172,126,1,0,Medium
40,20.77984259,189,0,0,Medium
34,30.37621443,121,0,0,Medium
43,34.83352723,176,0,1,High
25,38.68922256,112,1,0,High
43,18.34810978,186,0,0,Medium
27,29.50072311,73,0,0,Low
43,28.35908184,149,0,0,Medium
19,32.43321048,110,1,0,High
36,30.3107348,71,0,0,Medium
26,33.11486131,112,1,0,High
24,32.47781686,151,1,0,High
21,20.57425795,177,0,0,Medium
43,35.5937941,95,0,0,Medium
38,20.71111667,151,1,0,High
35,33.36767375,152,1,1,High
30,27.15519809,142,1,0,Medium
28,29.30471616,169,0,0,Medium
41,37.87255632,118,1,0,High
21,37.57744198,132,0,0,High
42,35.99283872,124,0,0,High
38,29.22326437,103,1,0,Medium
42,34.19727582,174,0,0,High
21,29.28373522,174,1,0,Medium
27,37.13133381,138,0,0,High
22,26.86106833,84,1,0,Low
26,39.34517758,72,0,0,Low
41,38.51110068,72,0,1,High
20,34.31525763,171,1,0,High
34,24.14714945,73,0,0,Low
20,20.89637895,157,0,0,Medium
33,36.8034759,114,1,0,High
21,21.6366503,114,0,0,Low
35,36.79373736,144,1,0,High
34,28.79683015,78,0,1,Low
24,26.94424924,187,0,0,Medium
41,37.87019713,134,1,0,High
40,31.28472162,95,1,0,High
22,30.68550816,95,0,1,Medium
29,30.29285078,92,0,0,Low
34,26.16572935,99,1,0,Low
40,35.28414828,79,0,0,Medium
30,23.56156577,141,0,0,Medium
40,38.65568912,133,0,0,High
42,37.66767451,192,0,1,High
20,25.42456716,174,0,0,Medium
26,34.04820294,143,0,0,High
34,30.61091028,174,0,1,High
34,25.42828464,116,0,0,Low
37,39.74747626,156,0,0,High
33,18.55522161,122,1,0,Medium
42,23.55821267,198,0,0,Medium
39,29.44162934,71,1,0,Medium
30,29.48296608,127,1,0,Medium
44,30.95652765,141,0,1,High
36,34.53687578,96,1,1,High
34,31.71651227,98,0,0,Low
21,31.20619213,84,1,0,Medium
29,19.17731818,198,1,0,Medium
26,26.28366633,129,0,0,Medium
36,23.10522627,176,1,0,High
29,23.83814246,72,0,0,Low
26,30.19542444,184,0,0,High
24,22.38911693,121,1,1,High
31,24.46688022,129,0,0,Medium
37,23.21586359,103,0,0,Medium
36,38.86706475,165,0,0,High
43,38.78264611,158,1,0,High
32,31.41871429,129,0,1,High
33,38.33949431,88,1,1,High
38,35.2878782,180,0,0,High
22,30.97885342,91,0,0,Low
20,18.14157465,197,1,0,Medium
29,34.99535829,104,0,0,Medium
42,33.45474351,176,1,0,High
37,31.53558037,197,0,0,High
44,34.72933486,152,0,0,High
38,29.28428763,180,0,0,Medium
21,33.48983197,159,1,0,High
38,38.57378591,93,0,0,Medium
40,26.26771035,146,1,0,High
33,33.57868037,170,0,0,High
42,28.465132,82,0,0,Low
24,32.83679234,167,0,0,High
30,34.78365338,189,1,0,High
38,18.99995501,106,1,1,High
27,32.22520977,117,1,1,High
43,22.98830606,70,0,1,Medium
24,32.74071583,129,0,0,High
31,28.30326409,113,0,0,Low
43,35.01816032,184,1,0,High
22,20.71481793,177,0,0,Medium
20,31.77909174,113,0,0,Medium
40,24.12635604,147,0,0,Medium
28,36.7656039,94,0,0,Low
28,38.42443712,185,0,0,High
35,39.92076246,188,1,1,High
32,35.51216285,79,0,0,Low
29,34.58214955,178,1,1,High
26,22.7410167,104,1,0,Medium
27,25.3921553,88,0,0,Low
43,28.24501592,77,0,0,Low
29,35.01438305,79,0,0,Low
34,38.12924903,98,1,0,Medium
23,22.1610602,84,0,0,Low
24,38.29208466,156,0,0,High
31,33.30374235,92,0,0,Low
30,31.43695608,115,0,0,Medium
25,22.39650797,97,0,0,Low
27,19.22155072,95,0,0,Low
26,30.50622777,79,1,1,High
35,32.33334503,73,1,0,High
44,22.63719189,124,0,0,Medium
43,30.24203653,135,0,0,High
19,36.84285486,136,1,1,High
22,36.3714508,124,0,0,Medium
22,38.40181397,100,1,0,High
23,26.04948781,143,0,0,Medium
36,24.9970906,88,1,0,Medium
25,34.48737213,150,0,0,High
33,27.48447291,156,0,0,Medium
30,19.92607061,89,1,1,Medium
18,24.22162487,82,0,0,Low
39,27.20881028,146,0,1,High
37,24.43536136,112,0,1,High
34,25.30852256,119,1,0,Medium
24,24.46306994,97,0,0,Low
42,18.91298168,73,1,0,Medium
30,32.01608342,91,0,1,Medium
21,31.14043325,188,0,0,High
21,32.37443697,170,1,0,High
23,22.23081771,108,0,0,Low
36,24.50439992,103,0,1,High
29,31.63155039,166,0,0,High
39,31.19180651,113,0,0,High
24,29.13926681,109,1,0,Medium
44,25.7090915,166,0,0,Medium
27,38.08448211,199,0,0,High
43,25.47494533,143,0,1,High
36,28.02362144,155,0,0,Medium
24,32.91850428,159,0,0,High
20,29.94647148,136,1,0,Medium
30,25.63149148,145,1,0,Medium
30,27.58418539,161,0,0,Medium
35,35.47857799,79,0,0,Medium
43,24.11884142,155,1,0,High
37,21.12961528,171,0,0,Medium
25,24.88959044,177,0,0,Medium
26,36.68975274,160,1,0,High
24,19.95777373,148,0,0,Medium
18,39.81731361,155,0,0,High
20,29.90206378,176,1,0,Medium
30,39.66660637,170,1,0,High
42,38.65792129,177,0,0,High
34,27.96190171,129,0,0,Medium
42,22.36680364,117,0,0,Medium
41,21.62746508,186,1,1,High
18,23.27976601,175,0,0,Medium
23,33.62291809,102,0,0,Medium
38,24.00489988,113,1,0,Medium
23,25.51135593,181,0,0,Medium
43,27.87313369,158,0,0,Medium
29,38.09111897,105,0,0,Medium
30,22.16665519,150,0,0,Medium
30,18.11058416,157,0,0,Medium
32,19.32212103,199,1,0,Medium
38,37.90485952,100,1,0,High
33,32.24536223,177,0,0,High
39,24.00689363,99,0,1,Medium
38,21.89823502,81,0,0,Low
28,24.47386821,120,0,0,Low
22,20.5255324,190,0,0,Medium
21,38.71372403,82,1,0,Medium
20,35.25253584,160,0,0,High
36,28.17260589,143,0,0,Medium
37,37.02917731,89,0,0,Medium
42,23.48808049,141,0,0,Medium
35,33.77665251,142,0,0,High
32,36.83491498,140,0,0,High
26,25.84891166,147,0,1,High
34,34.6642178,97,1,0,Medium
31,24.49159168,199,0,1,High
32,24.57485698,190,0,0,Medium
18,20.35525793,112,0,1,Medium
38,27.68127702,77,1,0,Medium
39,34.05366194,82,0,0,Medium
39,38.68485772,180,0,0,High
20,31.28353382,104,0,0,Medium
33,36.98898183,92,1,0,Medium
40,36.09488228,115,0,0,High
42,21.81354717,84,0,1,Medium
28,28.68798344,199,0,0,Medium
29,20.57231778,130,0,0,Medium
27,33.00736955,184,0,0,High
33,38.8977927,133,0,0,High
25,21.01596808,121,1,0,Medium
23,34.14542888,138,1,0,High
29,31.90923932,136,0,1,High
41,30.83931081,152,0,0,High
38,26.58264516,71,0,0,Low
25,25.81289625,147,0,0,Medium
43,18.99548216,97,1,1,High
21,22.79399158,123,1,0,Medium
43,18.33389141,136,0,1,High
25,30.79117632,171,0,0,High
43,20.32877119,189,0,0,Medium
35,37.20642667,117,1,0,High
22,29.50914646,116,1,0,Medium
26,33.393178,90,1,0,Medium
21,27.03885602,161,1,0,Medium
44,30.3327558,190,0,0,High
39,38.73850189,185,1,1,High
34,19.82014887,70,1,1,Medium
26,23.58663098,146,0,1,High
18,35.15974319,154,0,1,High
38,20.17221855,115,1,0,Medium
37,19.66454429,116,0,0,Medium
30,25.95391077,128,1,1,High
33,20.02769509,123,1,0,Medium
30,30.87172573,155,1,0,High
31,22.97805552,81,1,0,Low
20,37.70535519,75,0,0,Low
23,35.23700178,122,1,0,High
35,33.39351453,159,0,0,High
36,31.5727686,74,0,0,Medium
22,36.99624607,142,0,1,High
32,22.90736535,83,0,0,Low
42,37.20839454,175,0,0,High
19,35.36883057,121,1,0,High
27,34.45953818,185,0,1,High
41,30.34762492,95,0,0,Medium
35,23.41737154,122,0,0,Medium
44,27.31805415,178,0,1,High
30,35.4585544,98,1,0,Medium
22,18.69912666,88,0,1,Low
40,35.20511692,116,1,0,High
41,23.28155629,92,1,0,Medium
18,21.17480242,186,0,0,Medium
39,20.545429,175,1,0,High
18,18.59950026,122,0,0,Low
35,29.51890267,165,0,1,High
32,22.8017172,74,1,1,Medium
34,39.76749885,85,1,1,High
28,30.63760863,86,0,0,Low
38,21.03347593,171,0,1,High
43,33.1527759,89,0,0,Medium
42,37.75035846,181,0,1,High
39,34.3939489,189,1,0,High
44,19.68167694,180,0,0,Medium
44,37.70945199,70,0,1,High
34,35.46644649,127,1,1,High
30,21.4826858,162,0,0,Medium
18,19.13928955,75,0,0,Low
19,30.26083266,177,1,0,High
26,21.43278785,172,1,0,Medium
20,36.36100096,119,1,0,High
18,25.88336245,187,0,0,Medium
38,38.08363378,179,1,0,High
33,30.44513979,157,0,0,High
40,22.01879245,89,0,0,Low
23,21.07117508,83,1,0,Low
34,30.68239363,109,0,0,Medium
22,34.76143946,103,1,0,High
22,35.19312425,193,0,0,High
23,24.0666629,114,0,0,Low
20,22.4934287,149,1,0,Medium
38,18.3686387,140,0,0,Medium
40,32.94238133,147,1,0,High
22,19.68450169,147,0,0,Medium
38,27.25674644,102,1,1,High
22,31.23700761,102,0,0,Medium
27,38.61639679,113,0,0,Medium
27,24.85964701,89,0,0,Low
36,23.49498757,180,1,0,High
34,32.39152339,76,1,1,High
38,31.62325871,93,1,0,High
31,25.30641523,139,0,0,Medium
26,38.41824038,181,0,0,High
31,36.5869712,173,0,0,High
18,22.92761601,123,0,0,Low
36,23.261136,107,0,1,High
30,29.27060763,143,1,1,High
30,35.01858624,149,1,0,High
21,18.96888835,101,0,1,Medium
18,33.25337338,114,0,0,Medium
34,32.26118974,130,1,1,High
25,23.09256211,122,0,1,Medium
19,32.98976629,197,0,0,High
25,38.68403021,145,0,0,High
24,19.02928859,96,0,0,Low
43,25.03234522,131,1,0,High
43,27.63988777,87,0,0,Low
19,37.7837279,196,0,1,High
39,39.16975183,178,0,1,High
39,27.77053542,172,1,0,High
20,34.50062507,146,0,1,High
44,29.69654252,186,0,1,High
35,29.83122456,173,1,0,High
29,24.11818933,118,1,0,Medium
18,22.77303741,185,1,0,Medium
39,24.33611761,169,1,0,High
29,30.23921616,194,0,0,High
22,18.64141409,94,0,0,Low
44,37.95947678,197,0,1,High
42,21.43824161,169,0,1,High
34,22.84195089,74,1,0,Low
33,29.40207588,88,1,1,Medium
32,33.62252486,87,1,0,Medium
40,20.1060392,190,0,1,High
32,24.98928335,101,1,0,Medium
22,39.31084132,79,1,0,Medium
38,23.77154527,106,0,1,High
31,24.88710319,155,1,0,Medium
19,36.40296679,82,0,0,Low
28,19.1047175,78,0,0,Low
36,28.22148971,157,1,0,High
24,26.35156882,115,1,1,High
23,24.96490872,188,0,0,Medium
19,24.28539107,88,0,1,Low
23,20.01023031,163,1,0,Medium
35,24.92616825,95,1,0,Medium
19,18.94715286,115,1,0,Medium
35,35.181205,187,0,0,High
32,26.76101147,115,0,0,Low
44,27.76588431,83,0,0,Low
36,37.6590809,154,0,0,High
19,32.47720964,132,0,0,High
37,18.17730027,141,0,0,Medium
42,38.74984611,72,0,0,Medium
23,23.21717825,97,0,0,Low
18,20.36751206,194,1,0,Medium
41,34.89881992,156,0,0,High
32,29.01050095,146,0,0,Medium
40,27.54295245,145,0,0,Medium
27,23.48906775,183,0,0,Medium
36,30.04437278,144,0,0,High
34,24.03646131,128,1,0,Medium
22,37.83482612,128,1,1,High
21,22.73449855,116,0,0,Low
27,37.45581331,164,0,0,High
41,30.30691937,147,0,0,High
34,36.22673895,182,1,0,High
27,33.68261191,178,0,1,High
34,33.32729245,175,0,0,High
37,25.13560777,158,1,0,High
41,23.14573249,102,1,0,Medium
22,22.63949701,166,1,0,Medium
19,36.85821646,148,1,0,High
23,36.04939005,85,1,0,Medium
38,27.69261762,113,0,0,Medium
19,20.9129015,189,0,0,Medium
30,26.40954954,177,1,1,High
28,31.62555599,73,1,1,High
28,27.9968694,125,1,0,Medium
33,35.16416391,133,0,0,High
28,39.94770209,164,0,0,High
36,22.20490595,125,0,0,Medium
32,28.11231803,101,0,1,Medium
42,27.48164584,185,0,0,Medium
40,24.69883572,78,1,0,Medium
40,22.35810137,174,0,1,High
33,19.44522656,147,1,1,High
28,37.51662498,156,1,0,High
39,27.23667135,90,0,0,Low
33,28.93170141,124,0,0,Low
25,38.17272506,145,1,0,High
21,35.07839051,199,1,1,High
25,20.87102781,195,1,0,Medium
21,30.43923929,153,1,0,High
41,27.72955008,184,1,0,High
42,35.5386436,117,0,1,High
20,33.93311605,192,1,1,High
20,33.18892588,147,1,1,High
44,25.49198638,99,1,0,Medium
35,35.70920207,98,0,1,High
43,19.1526085,110,1,0,Medium
36,21.51174783,95,0,0,Low
36,25.38371201,119,1,0,Medium
38,19.6897637,71,0,1,Medium
22,23.16987411,124,0,1,Medium
35,36.26332163,173,0,0,High
27,38.86153383,83,0,0,Low
39,24.70125183,197,0,1,High
38,23.81934769,173,1,0,High
23,24.15763835,164,0,1,High
18,24.10981992,150,0,0,Medium
22,18.79046401,130,0,0,Medium
26,38.39215962,81,0,0,Low
29,22.70135911,82,0,0,Low
43,27.24008963,158,0,0,Medium
31,18.21311142,164,0,0,Medium
19,36.875012,128,1,0,High
34,34.08546158,106,0,0,Medium
31,38.82863277,94,0,1,Medium
43,35.19554054,85,0,0,Medium
30,24.90154327,156,1,0,Medium
44,23.45321389,92,0,1,Medium
26,33.34975877,195,0,0,High
43,26.01048105,129,0,0,Medium
42,30.45673035,169,0,0,High
32,18.13766436,172,0,1,High
42,19.36148544,132,0,1,High
39,29.77809471,107,0,0,Medium
32,30.45357622,197,0,1,High
41,34.53196478,119,0,0,High
28,20.90323703,109,1,0,Medium
33,29.29002784,77,1,1,Medium
34,22.27784818,77,0,0,Low
43,20.05031463,173,1,1,High
21,27.03090747,103,1,0,Medium
18,21.59340626,126,1,0,Medium
25,22.87920352,91,0,1,Low
34,24.98620076,156,1,0,Medium
20,23.70654482,109,0,1,Medium
37,19.92700854,155,0,1,High
32,19.97815739,164,0,1,High
32,22.25148714,82,0,0,Low
41,19.11230214,97,0,0,Low
39,31.78205443,153,0,1,High
31,24.32118776,131,1,0,Medium
43,24.15441129,162,0,0,Medium
40,25.30396247,156,0,1,High
31,32.58151803,93,0,0,Low
41,37.15394539,167,0,1,High
19,34.69991252,76,0,0,Low
30,34.00564306,106,1,0,High
43,28.65660608,137,0,0,Medium
31,33.26372225,155,0,0,High
44,30.1607721,156,1,0,High
41,22.75751162,84,0,0,Low
36,22.58894409,192,1,1,High
24,24.52062415,176,0,0,Medium
20,38.03765876,158,0,0,High
32,30.04312649,194,0,0,High
40,34.14591829,182,0,0,High
31,25.62429272,176,0,0,Medium
28,26.96974695,156,1,0,Medium
32,20.76244273,137,1,0,Medium
30,21.76848907,84,1,0,Low
35,36.20184421,134,1,0,High
43,30.8664499,123,0,0,High
23,25.42571425,162,1,0,Medium
20,35.6627266,89,0,0,Low
36,23.42343792,102,1,0,Medium
32,39.47271937,169,0,0,High
42,25.58598737,146,1,0,High
40,25.42084099,176,1,0,High
22,24.86206192,189,0,1,High
27,20.68645335,143,0,1,High
24,20.44501724,80,0,0,Low
42,32.25831076,100,0,1,High
34,37.25259698,81,1,0,Medium
24,35.39145123,193,1,0,High
39,21.10436707,147,0,0,Medium
43,30.00280668,165,0,0,High
29,20.32301401,119,1,0,Medium
42,18.99648216,186,0,0,Medium
34,32.44048891,86,0,1,Medium
30,29.77335134,198,1,0,Medium
37,19.80452107,133,1,0,High
42,18.76866342,156,0,0,Medium
21,39.7746411,85,0,1,Medium
27,18.66046931,132,1,0,Medium
20,27.77962157,145,1,0,Medium
26,29.10161854,154,1,0,Medium
30,20.58016325,178,0,0,Medium
35,21.71935913,86,1,0,Medium
32,25.73971014,127,0,0,Medium
21,34.75686928,148,1,0,High
32,29.15581333,130,0,0,Medium
39,32.03384124,182,0,0,High
19,39.67384021,190,1,0,High
32,34.89611958,103,0,0,Medium
25,27.55595296,139,0,0,Medium
25,27.82172228,86,1,0,Low
34,31.61298569,89,1,1,High
29,32.63803459,128,1,0,High
36,29.01564037,138,0,0,Medium
27,32.1869469,171,0,0,High
26,18.51771488,189,1,1,High
22,27.45170301,126,0,0,Medium
23,24.13663767,152,1,0,Medium
37,20.8418378,198,0,0,Medium
43,20.19002328,82,1,0,Medium
19,31.27022764,75,0,0,Low
44,29.51921204,166,0,1,High
41,23.57885057,163,1,0,High
44,28.36090129,179,0,0,Medium
30,28.82911093,120,1,0,Medium
23,22.29019757,120,1,0,Medium
22,32.34604736,156,1,1,High
42,35.18022584,137,1,0,High
18,35.4121979,153,0,1,High
38,31.25433628,111,0,0,High
39,29.25604882,126,0,0,Medium
38,19.34215715,131,0,0,Medium
23,24.33228857,76,0,0,Low
23,20.05197183,181,0,0,Medium
40,39.20410954,95,0,0,Medium
33,20.97176322,88,0,0,Low
21,21.33905902,78,0,0,Low
28,37.5706856,130,1,0,High
41,38.76642224,89,0,0,Medium
40,34.84823886,175,0,0,High
26,18.11890832,119,1,1,High
40,18.02961796,150,0,0,Medium
20,26.31821694,79,1,0,Low
36,21.15469814,134,1,0,High
25,18.40449513,77,0,0,Low
22,28.20946717,91,1,0,Low
21,38.74736174,87,1,1,High
41,25.12403065,78,0,0,Low
23,32.54509493,123,1,0,High
19,32.34917777,95,0,0,Low
37,23.52376228,163,0,0,Medium
28,32.30935547,169,0,0,High
21,22.67134743,95,0,1,Low
32,20.6841631,103,0,0,Low
23,33.43043228,77,1,1,High
39,20.49569798,117,0,0,Medium
34,39.93200281,176,0,0,High
41,22.03595283,123,0,0,Medium
23,31.07112098,188,1,0,High
36,27.05024057,150,1,1,High
42,20.78050129,165,1,0,High
19,18.61256597,171,1,1,High
32,31.70011021,131,1,0,High
28,35.7486664,115,1,0,High
25,36.52434455,156,1,1,High
43,28.61969641,168,0,0,Medium
36,35.10402028,108,0,1,High
30,32.80263694,122,1,0,High
29,33.9335996,149,0,1,High
22,28.83717811,85,0,0,Low
23,31.93505829,173,0,0,High
43,35.7215701,139,1,0,High
39,26.75345186,177,0,0,Medium
21,35.73153582,116,1,0,High
36,31.02437054,78,1,0,High
37,21.64982254,103,1,0,Medium
18,18.54305146,155,1,0,Medium
37,25.98057921,184,1,0,High
34,30.02731922,133,0,0,High
29,36.47604775,103,0,0,Medium
32,20.80468496,81,0,0,Low
18,35.60453965,166,1,0,High
43,36.98619901,190,1,0,High
31,21.31512471,156,1,0,Medium
23,36.73507502,171,0,1,High
22,39.81197849,165,0,0,High
28,33.99045428,183,0,0,High
21,35.264933,116,0,0,Medium
30,39.87713589,127,0,0,High
28,31.32058751,190,0,1,High
20,24.7735004,187,1,1,High
18,36.42567835,74,0,0,Low
23,31.51868711,165,0,0,High
35,30.78629932,90,1,0,High
41,23.57998222,197,0,0,Medium
27,34.63935393,193,0,1,High
22,19.79668007,90,0,0,Low
40,38.33431556,123,0,0,High
27,25.16811614,173,0,0,Medium
29,20.81104236,180,0,0,Medium
19,27.73206373,185,0,0,Medium
30,18.934338,126,0,1,High
25,33.06177627,197,0,0,High
19,37.85952123,189,1,1,High
37,36.41978616,139,0,0,High
18,20.80212842,164,1,0,Medium
22,20.77796502,168,0,0,Medium
26,35.89555861,111,0,0,Medium
34,38.33359404,139,1,1,High
26,28.13473626,71,0,0,Low
28,28.97736457,178,0,0,Medium
32,25.00176491,134,1,0,Medium
41,37.6738326,139,0,0,High
23,32.18786392,138,1,0,High
40,24.3415347,190,1,0,High
20,24.57322316,178,0,0,Medium
34,37.60640161,129,0,0,High
22,18.29994853,162,0,0,Medium
29,25.0999846,81,1,0,Low
35,30.19584699,172,1,0,High
31,21.26078417,181,1,0,Medium
38,20.02617259,134,0,0,Medium
41,35.93607928,117,1,0,High
28,37.67689655,157,0,0,High
26,36.11934126,131,0,0,High
19,37.77333357,113,1,0,High
29,30.16846336,124,0,0,Medium
20,35.86967866,177,1,0,High
20,26.44893804,116,0,0,Low
18,32.65789295,71,1,0,Medium
25,39.75438169,182,0,1,High
39,22.96600992,80,0,0,Low
25,26.57779442,181,0,1,High
28,28.5610423,159,0,0,Medium
26,21.03634071,124,0,0,Low
22,19.78284943,86,1,0,Low
31,36.25390306,137,0,0,High
20,39.4894762,121,0,0,Medium
38,26.9039514,166,0,0,Medium
22,19.9282964,117,0,1,Medium
22,19.44785874,98,1,0,Low
36,37.60900054,96,1,1,High
44,28.20391349,173,0,0,Medium
31,25.04060096,129,0,0,Medium
43,28.48214797,175,1,0,High
21,25.00269008,138,0,0,Medium
42,28.75878706,183,0,0,Medium
30,36.91024073,90,0,1,Medium
27,31.03063016,171,0,0,High
42,33.282383,164,0,0,High
35,26.02275488,174,0,0,Medium
25,34.24712933,194,1,0,High
25,32.66557587,71,0,0,Low
24,20.63036395,135,0,0,Medium
25,30.59814277,182,0,0,High
31,23.64835692,111,0,0,Low
36,35.69010473,89,0,0,Medium
23,27.37062959,166,1,0,Medium
18,39.88305163,137,0,0,High
40,20.03500963,144,1,0,High
32,35.16765298,194,0,0,High
18,32.82143814,116,1,1,High
42,34.88497427,74,0,1,High
34,24.7656555,118,0,0,Low
18,28.82519877,193,1,1,High
32,35.52318743,106,0,0,Medium
40,23.1159093,88,1,0,Medium
19,22.97273033,109,0,0,Low
31,30.12312097,86,1,1,High
38,29.51839875,168,1,0,High
25,24.20977435,162,1,1,High
25,24.55766431,111,0,1,Medium
36,24.11259359,192,0,0,Medium
24,34.97326536,176,1,0,High
36,32.34181904,141,1,0,High
23,36.31317804,134,1,0,High
23,39.46040662,178,0,0,High
20,28.43161452,122,1,0,Medium
24,19.46726539,93,0,0,Low
36,19.05803083,97,0,0,Low
25,24.50463086,131,0,0,Medium
27,38.51598097,86,0,0,Low
37,29.51068721,89,1,0,Medium
32,23.97930335,72,0,0,Low
32,26.78166948,120,1,0,Medium
18,31.16909236,72,0,1,Medium
37,32.36489248,142,0,0,High
24,21.38622922,174,0,0,Medium
44,39.49469688,187,0,1,High
21,29.98498899,103,0,0,Low
23,20.98514299,131,1,0,Medium
42,37.65997557,189,1,0,High
18,19.64204548,184,0,1,High
22,37.97017953,82,0,1,Medium
44,39.92444444,138,0,0,High
40,33.40949958,146,1,0,High
18,34.94983886,70,0,1,Medium
21,25.4206624,158,0,0,Medium
39,38.71469076,116,0,0,High
19,29.65370725,73,1,0,Low
27,34.11254583,79,0,0,Low
22,38.33036975,97,0,0,Low
44,39.45395947,190,1,0,High
27,36.33049585,195,1,0,High
18,24.66638515,131,1,0,Medium
39,39.26404536,136,0,0,High
23,31.81862969,143,1,0,High
30,38.47413448,164,1,0,High
32,32.87431057,105,1,0,High
21,24.75925716,181,1,1,High
30,26.14053953,182,1,0,Medium
41,30.1103791,179,0,0,High
37,35.38032651,183,0,0,High
41,24.99561613,136,1,0,High
32,30.75408565,195,0,0,High
25,25.60374986,155,0,0,Medium
22,35.9469269,88,0,0,Low
32,28.26801806,138,1,1,High
21,19.68790219,79,0,0,Low
29,21.65315547,197,1,0,Medium
30,19.34430269,168,1,0,Medium
19,28.98466481,101,0,0,Low
44,20.33942054,181,0,0,Medium
36,20.51107932,93,0,0,Low
36,38.70306172,104,0,0,High
21,37.19841159,152,0,0,High
21,27.94590513,139,0,0,Medium
43,39.68771706,178,1,0,High
28,18.00410362,168,0,1,High
44,31.50754804,102,1,0,High
22,31.5614199,125,0,0,Medium
37,28.06374723,81,1,0,Medium
28,26.7328554,80,0,1,Low
27,28.01842898,139,1,1,High
25,27.12912959,110,1,0,Medium
23,34.0708345,175,1,1,High
23,20.97781957,72,0,0,Low
25,22.34806285,72,1,1,Medium
40,21.97140102,153,0,0,Medium
32,23.77435287,176,0,0,Medium
43,29.55568521,89,0,0,Low
31,20.44659244,165,0,0,Medium
28,37.0997245,193,0,0,High
29,24.54195369,90,1,0,Low
43,21.57583572,183,0,0,Medium
30,32.86366881,82,0,0,Low
25,18.83789861,155,0,0,Medium
35,31.63930843,104,1,1,High
42,33.36036547,116,0,1,High
18,22.72816369,194,0,1,High
32,18.92320962,179,1,0,Medium
25,26.0001979,106,0,0,Low
28,20.16907307,90,0,0,Low
29,20.56251269,83,0,0,Low
29,23.59374709,160,1,0,Medium
21,24.50029434,129,1,0,Medium
33,29.6593475,193,0,1,High
21,32.92462148,92,0,0,Low
22,31.0409607,180,0,1,High
41,21.26392742,193,1,0,High
22,21.78589271,99,1,0,Low
25,37.3329235,184,0,0,High
27,30.28375093,159,0,0,High
34,37.13863232,107,1,1,High
43,26.17402325,152,1,0,High
26,31.51680016,96,1,0,Medium
39,29.52059515,173,1,0,High
36,25.02071678,185,1,0,High
31,28.33813818,84,0,0,Low
25,29.05479929,72,0,0,Low
26,22.41696144,79,0,0,Low
39,24.93022819,189,1,0,High
28,35.41101451,197,0,0,High
40,38.14734127,80,0,1,High
18,25.91547006,138,0,0,Medium
31,24.75339021,133,0,0,Medium
22,22.29433762,83,1,0,Low
38,32.92680571,119,0,0,High
43,25.10819344,141,0,0,Medium
31,39.73048986,138,1,0,High
21,25.16506565,196,0,1,High
39,26.67099303,85,1,0,Medium
40,31.27335232,147,1,0,High
42,35.63705445,170,1,0,High
18,28.32941064,125,1,0,Medium
39,27.29843274,174,0,0,Medium
40,39.90403234,117,0,0,High
36,18.23086011,86,0,0,Low
25,37.69143635,180,0,0,High
32,21.28109817,139,0,1,High
38,35.29035608,149,0,0,High
32,31.59449432,162,1,1,High
26,25.52064028,107,0,1,Medium
38,37.22524902,170,0,1,High
26,18.28395902,131,0,0,Medium
27,22.98719435,190,0,1,High
37,30.47164152,117,1,0,High
42,25.73392972,79,0,0,Low
38,31.4283049,105,1,0,High
43,18.53042425,73,0,0,Low
26,20.56209647,113,0,1,Medium
20,20.79611728,125,0,0,Low
37,22.16424021,111,1,0,Medium
42,28.1052917,183,0,0,Medium
43,34.54683139,90,0,1,High
28,37.92185443,148,0,0,High
23,36.37819567,138,1,0,High
19,22.33153318,139,1,0,Medium
24,27.70531215,136,0,0,Medium
35,22.38705515,117,0,0,Medium
44,23.81837997,105,1,0,Medium
19,29.07803359,96,1,1,Medium
44,19.49839854,141,1,0,High
34,22.79983525,170,1,0,Medium
28,38.57831955,165,1,0,High
44,28.25455844,197,0,1,High
29,27.79850357,95,1,1,Medium
44,18.3204774,135,1,0,High
36,23.44279444,91,0,1,Medium
39,37.05843359,86,0,0,Medium
41,21.62182542,76,1,0,Medium
42,27.13274867,176,0,0,Medium
24,18.31527993,137,1,0,Medium
37,28.5233806,197,0,0,Medium
23,18.46246435,106,0,0,Low
38,36.03141017,107,0,1,High
41,36.14678288,165,0,0,High
18,35.33032814,70,0,0,Low
34,24.23400952,111,0,0,Low
28,36.4192188,132,1,0,High
39,29.94595892,150,1,1,High
43,26.2237784,77,0,0,Low
35,31.75725911,96,0,1,High
38,18.27150301,121,0,0,Medium
34,21.14513931,160,0,0,Medium
24,34.33045784,155,0,0,High
34,23.37155539,85,0,0,Low
37,31.15620058,135,0,0,High
26,26.47225726,74,0,0,Low
34,36.80572713,151,0,0,High
37,38.95313673,187,1,0,High
39,37.43842402,150,0,0,High
39,23.95363988,139,1,0,High
25,22.27158312,184,1,0,Medium
34,28.43756766,76,1,0,Low
24,18.16135132,119,1,0,Medium
18,18.56780664,180,0,0,Medium
30,30.17239407,116,0,1,High
40,29.44988689,181,0,1,High
36,39.88080376,112,1,0,High
44,22.44052038,160,1,0,High
41,23.67828644,98,1,0,Medium
36,20.49789413,197,0,0,Medium
34,38.18594621,165,1,1,High
30,35.11184738,186,0,1,High
33,36.09146045,139,0,1,High
25,37.86080334,199,1,0,High
36,29.54779971,139,0,1,High
35,27.92625021,179,1,0,High
18,25.26861242,125,0,1,Medium
31,30.96272152,158,1,0,High
36,27.99412473,169,0,0,Medium
32,27.93444291,198,1,0,Medium
35,38.612413,126,1,0,High
19,39.64869331,120,1,0,High
39,35.52265657,181,0,1,High
34,34.64867799,173,1,0,High
35,32.97227956,196,0,0,High
23,21.65364675,124,0,0,Low
36,19.30032806,70,0,0,Low
21,33.19597893,159,1,1,High
18,34.03329689,122,0,0,Medium
25,19.0334058,142,1,0,Medium
40,38.41713851,177,1,1,High
24,20.00509407,77,0,1,Low
20,24.28981174,111,1,0,Medium
27,32.79257588,94,0,0,Low
27,21.73719708,107,1,0,Medium
36,19.21914955,154,0,0,Medium
31,25.28522276,93,0,0,Low
19,34.85137465,129,0,1,High
18,27.10093094,180,0,0,Medium
40,32.36540428,135,0,0,High
40,30.75162014,122,0,0,High
35,18.4888066,175,0,0,Medium
24,39.74787972,165,0,1,High
25,18.91141795,108,0,0,Low
18,39.29166023,111,1,0,High
42,30.09701192,180,0,0,High
40,39.1894986,173,1,0,High
20,20.52457919,146,1,1,High
41,28.78898742,77,1,0,Medium
40,21.72909002,95,1,0,Medium
44,19.12144729,112,0,0,Medium
25,31.58564053,179,1,0,High
39,22.57123526,169,0,0,Medium
42,30.9293344,132,1,0,High
32,20.4720186,118,1,1,High
22,25.30370237,184,0,0,Medium
20,35.19591628,134,1,0,High
36,27.61513348,140,0,1,High
18,31.81039913,76,0,1,Medium
32,32.2440747,149,0,1,High
25,36.56261097,136,1,1,High
19,25.14830148,170,1,0,Medium
20,33.12050238,164,1,0,High
41,39.15554776,156,0,0,High
31,34.06535336,160,0,0,High
41,28.77715049,172,1,1,High
31,31.87578378,195,0,0,High
28,34.27302375,182,1,0,High
33,31.47006685,73,0,1,Medium
21,18.3668679,157,0,0,Medium
37,22.28501695,72,0,0,Low
22,35.83030078,160,1,0,High
39,23.99831424,72,0,0,Low
38,34.09436663,150,0,0,High
31,26.18664474,163,0,1,High
40,29.48145522,195,0,0,Medium
33,19.4954126,182,0,1,High
35,21.98696234,169,0,0,Medium
24,39.0583332,122,1,0,High
27,37.58303718,156,0,0,High
24,32.35005244,158,1,0,High
18,28.11218114,123,1,1,High
40,32.86674844,89,0,0,Medium
38,31.60942636,182,0,1,High
36,30.50814962,118,1,1,High
33,19.30189558,98,0,1,Low
36,31.92165743,117,0,0,High
21,34.91624098,82,0,1,Medium
35,39.8697964,72,1,0,High
19,18.24372816,71,0,0,Low
18,34.06381597,85,1,0,Medium
32,30.57936495,163,1,1,High
22,27.54914787,171,0,0,Medium
37,20.80654384,114,0,0,Medium
28,26.99987327,140,0,0,Medium
27,25.79629803,125,0,0,Low
19,24.66225756,196,0,0,Medium
20,34.07935171,101,0,1,High
40,33.41596147,118,0,0,High
40,30.958442,82,0,1,High
29,38.65062589,94,0,0,Low
37,25.69679645,129,1,1,High
22,23.36364263,128,0,0,Medium
22,32.42987289,127,1,0,High
23,22.37390934,89,0,0,Low
26,24.93023116,126,0,0,Medium
19,22.94125368,123,0,1,Medium
38,19.52137849,181,0,0,Medium
29,36.20497232,155,0,1,High
20,23.59989194,106,1,0,Medium
37,28.40660507,153,1,0,High
43,18.95293601,117,0,0,Medium
39,33.38546826,187,0,0,High
29,25.27234205,117,0,0,Low
41,34.38420801,181,0,0,High
34,27.07286733,179,0,1,High
27,22.30662334,75,0,0,Low
41,29.28985181,147,0,0,Medium
44,20.87110031,92,0,0,Low
31,27.69186152,195,0,0,Medium
40,24.9807205,153,0,1,High
34,38.06311085,82,0,1,Medium
35,19.34043188,116,1,0,Medium
36,33.26838311,113,0,1,High
34,22.02052565,174,1,0,Medium
31,25.01899164,83,1,0,Low
26,27.14130939,190,1,0,Medium
25,37.97633197,105,1,1,High
19,23.33672185,77,1,0,Low
30,20.00879366,85,1,0,Low
42,25.01117129,160,0,0,Medium
24,20.30287135,189,0,0,Medium
26,20.82912269,129,1,1,High
39,30.62471316,79,1,0,High
39,19.33984253,100,1,0,Medium
28,18.68047939,90,1,0,Low
31,33.71711023,150,1,0,High
21,25.95623609,102,1,0,Medium
43,20.75825768,100,1,0,Medium
43,23.57948096,105,0,0,Medium
30,32.12590316,137,1,0,High
19,24.06180448,159,1,0,Medium
40,28.87946475,78,1,0,Medium
22,20.67729675,99,1,0,Low
28,30.93806003,184,0,0,High
23,24.95370904,114,0,0,Low
35,31.79330556,73,1,0,High
38,35.78468741,138,0,0,High
27,31.45622123,92,0,1,Medium
21,24.50644638,85,0,0,Low
26,23.62636143,91,1,1,Medium
23,25.20326109,141,1,1,High
19,21.62165129,117,1,0,Medium
34,21.98578072,176,1,0,Medium
22,35.39520424,76,0,0,Low
42,26.46411668,120,0,0,Medium
23,27.59189397,134,0,1,High
43,31.06908824,78,1,0,High
29,30.97237689,151,0,0,High
40,19.48229117,114,1,0,Medium
38,36.2938973,191,0,1,High
27,21.90118417,79,0,0,Low
39,33.90757599,142,1,0,High
38,34.99876174,117,0,0,High
44,33.72778975,156,1,0,High
42,30.73750822,180,0,0,High
23,18.32139794,85,0,0,Low
44,25.92826083,122,0,0,Medium
25,31.30646745,109,0,0,Medium
19,26.52392851,169,1,0,Medium
29,36.99655769,89,0,0,Low
30,24.79365006,138,0,0,Medium
42,24.45776543,114,0,0,Medium
38,23.85194925,75,1,0,Medium
24,25.32117912,108,1,0,Medium
27,30.26290921,171,0,0,High
30,33.55433647,199,0,0,High
34,32.57649419,176,1,0,High
43,35.76979204,108,1,0,High
38,37.4901079,187,0,0,High
43,35.95373893,151,1,0,High
31,18.41679887,123,1,0,Medium
19,34.19019498,179,1,0,High
39,22.58479062,81,1,1,High
28,20.92441694,179,1,0,Medium
18,32.04675327,107,0,0,Medium
36,25.0343503,76,1,1,High
38,19.25657759,147,0,0,Medium
21,21.02785416,134,1,1,High
36,18.02044717,171,0,0,Medium
43,37.8709198,170,0,0,High
38,18.54159564,113,1,0,Medium
28,22.60802693,100,1,0,Medium
25,27.15778118,146,0,0,Medium
28,25.84456917,117,0,0,Low
21,38.05796929,151,0,0,High
34,18.88635681,196,1,1,High
44,29.26872357,153,1,0,High
24,32.97054818,79,0,0,Low
25,38.49735542,98,1,0,Medium
20,31.64816755,117,1,0,High
39,35.68261519,185,0,0,High
19,19.84194863,82,1,0,Low
40,26.49066924,116,0,0,Medium
32,26.22683696,172,1,0,Medium
41,37.49834076,160,0,1,High
39,21.33016577,122,0,0,Medium
39,21.34149579,161,0,0,Medium
22,25.2282793,146,0,0,Medium
41,19.19825304,113,1,0,Medium
18,22.01407689,71,0,0,Low
43,39.23461205,170,0,0,High
21,27.42004668,126,1,1,High
32,31.90442259,126,0,0,High
37,33.97444771,103,0,0,High
36,26.07315095,127,1,0,High
20,21.23899564,104,1,0,Medium
37,22.54478236,144,0,0,Medium
28,24.89186248,102,0,0,Low
34,31.99350525,184,1,0,High
44,26.76217208,144,0,0,Medium
30,18.14992335,142,0,0,Medium
28,29.51495807,147,0,0,Medium
19,38.27329462,78,0,0,Low
26,35.86570744,117,1,0,High
43,36.15465017,136,1,0,High
19,35.49127639,188,1,0,High
38,25.12207816,188,1,0,High
26,34.83426434,155,0,0,High
26,21.14954987,175,0,0,Medium
25,32.46975524,145,1,1,High
34,32.11450847,109,0,0,Medium
18,18.56253558,88,0,1,Low
42,35.33534294,116,1,0,High
28,37.87145831,134,0,0,High
25,23.88313613,99,0,0,Low
27,35.87259593,195,1,0,High
42,19.81293138,135,1,1,High
24,31.19929288,74,0,0,Low
20,28.68423104,162,1,0,Medium
20,30.01031773,166,0,0,High
35,38.37651444,163,0,0,High
22,37.16893544,175,1,0,High
29,35.27184046,154,1,0,High
29,24.02136607,127,0,0,Medium
36,38.06000983,148,0,1,High
23,20.14516923,77,0,0,Low
19,36.77324276,81,0,0,Low
29,25.21952159,163,0,0,Medium
36,19.18299086,160,0,1,High
22,32.72585365,102,0,0,Medium
29,23.08815842,169,0,0,Medium
44,23.35856477,84,0,1,Medium
44,24.73303766,183,1,0,High
34,19.40106489,198,0,0,Medium
34,21.89679717,80,0,0,Low
27,18.11307181,124,1,1,High
42,27.79900946,71,1,1,High
40,19.8536183,134,0,1,High
34,33.01835731,85,0,0,Low
32,23.18370273,175,1,0,Medium
29,38.75863117,99,0,0,Low
33,37.1675358,79,1,1,High
41,24.36769969,131,0,1,High
36,35.23074,154,0,0,High
25,35.6713879,136,0,0,High
38,39.70438851,110,1,0,High
34,31.15247971,87,1,0,Medium
40,19.80324616,127,0,0,Medium
22,32.23041904,129,0,0,High
39,31.74955446,157,0,0,High
33,32.0437127,96,0,0,Low
23,24.75720426,137,1,1,High
25,36.91295087,91,0,1,Medium
42,39.10838803,109,1,1,High
35,22.78967529,178,1,0,High
42,19.93934748,143,1,0,High
29,22.27977073,135,1,0,Medium
32,36.05214706,75,0,1,Medium
44,32.88618197,181,0,0,High
43,31.99304153,87,0,0,Medium
26,26.83944897,150,0,0,Medium
30,30.71221537,171,0,1,High
43,24.77323076,179,0,0,Medium
32,28.49840175,99,1,0,Low
27,35.44738662,191,0,0,High
33,39.58731514,131,1,1,High
24,38.51475632,189,1,0,High
34,38.54505074,176,1,0,High
40,26.84892217,145,0,0,Medium
43,28.31337737,78,0,0,Low
38,33.52397872,108,0,0,High
39,38.28822242,93,0,0,Medium
43,21.12387371,194,0,0,Medium
24,24.693321,187,1,1,High
31,21.06343058,103,0,0,Low
32,31.46418766,130,0,0,High
38,24.73862193,148,1,0,High
24,25.17437276,119,0,0,Low
26,19.56015111,120,0,1,Medium
36,25.69551336,121,1,0,Medium
33,36.97492316,191,0,0,High
25,23.12760186,77,1,0,Low
35,33.29412426,182,0,0,High
44,31.85182359,114,1,0,High
40,36.99666138,157,0,0,High
35,20.91033485,97,0,1,Medium
37,39.50697913,188,0,0,High
24,30.81783021,176,0,0,High
20,39.90043135,96,0,0,Low
35,38.05332397,150,0,1,High
44,22.87337999,170,0,0,Medium
27,19.23556422,131,0,0,Medium
24,23.62406006,131,0,0,Medium
34,29.60640028,95,0,1,Low
31,21.77512008,190,1,0,Medium
41,21.68411438,93,0,0,Low
20,28.17705804,108,0,0,Low
29,18.73189537,193,1,1,High
30,20.68153782,90,1,0,Low
19,27.14894947,163,0,1,High
20,19.388858,184,0,0,Medium
22,26.72861124,190,0,0,Medium
28,28.42813785,82,0,0,Low
25,27.92786551,88,1,0,Low
43,37.12184686,150,0,0,High
40,29.66137401,192,1,0,High
40,28.29557017,137,0,0,Medium
29,27.0356034,88,0,0,Low
24,35.98771432,133,1,0,High
32,37.69124529,170,0,0,High
41,36.77133432,135,0,1,High
34,32.81802472,135,1,0,High
21,21.02195841,144,1,0,Medium
39,24.09113933,114,1,0,Medium
42,19.0133874,156,0,0,Medium
30,38.47812965,136,0,0,High
35,32.53756765,72,1,1,High
18,34.41998345,93,0,1,Medium
33,24.85457827,157,1,0,Medium
30,36.60437749,86,0,0,Low
27,23.71127224,109,0,0,Low
29,18.03616266,75,1,0,Low
19,26.28112918,188,0,0,Medium
40,30.55675258,189,0,0,High
20,28.53150688,104,0,0,Low
27,36.96567514,182,0,0,High
19,20.31891629,98,0,0,Low
44,30.18411569,76,0,0,Medium
40,29.2855457,122,0,0,Medium
30,24.19064561,92,1,0,Low
30,36.08901848,166,0,0,High
35,34.56267043,145,1,1,High
20,34.12290212,79,0,1,Medium
44,37.27623452,186,0,0,High
24,33.90126121,93,0,0,Low
31,23.10050842,108,1,0,Medium
37,33.52237966,135,1,0,High
34,24.76946189,75,1,0,Low
38,23.32784231,90,0,0,Low
29,19.60607904,142,0,0,Medium
42,34.36862877,143,1,0,High
33,33.64202116,105,1,1,High
41,23.15898851,113,1,0,Medium
29,34.48633837,160,0,0,High
32,38.19249943,129,1,0,High
42,20.37663706,162,0,0,Medium
27,23.11800604,152,0,0,Medium
42,34.50573747,152,0,0,High
24,24.03914682,146,0,0,Medium
37,31.74260743,95,1,1,High
22,19.78561294,90,1,0,Low
18,27.94845454,189,1,1,High
34,34.26001128,199,1,0,High
20,33.10330675,177,0,0,High
30,35.93158621,96,1,0,Medium
31,37.30394679,140,0,0,High
41,35.01003703,119,1,0,High
35,32.77493034,164,1,0,High
21,18.69789482,92,1,0,Low
35,29.76926682,150,0,0,Medium
22,18.82934995,89,1,0,Low
42,35.77749198,193,0,0,High
33,25.05593954,82,0,0,Low
18,30.37344623,72,1,0,Medium
38,24.14779676,198,0,0,Medium
31,35.21500318,159,1,0,High
32,37.50305559,104,0,0,Medium
26,26.77013487,83,0,0,Low
32,36.98429266,119,1,1,High
34,23.87565016,147,0,0,Medium
42,29.76254031,72,0,0,Low
41,36.89275146,109,0,0,High
21,25.16938954,120,0,0,Low
29,38.98892983,70,1,0,Medium
44,20.68134904,173,0,0,Medium
43,18.40205153,186,1,0,High
22,37.89097776,185,1,0,High
22,19.51027066,121,0,1,Medium
28,39.82156231,189,1,0,High
23,38.93073096,155,1,0,High
24,21.01446002,115,0,0,Low
41,29.82686177,145,0,0,Medium
31,22.06824654,79,0,0,Low
41,27.41941381,130,1,0,High
28,19.35135284,87,1,0,Low
30,22.92634093,155,0,0,Medium
19,25.99200152,197,1,1,High
42,27.65024501,173,1,0,High
24,39.50491768,170,1,0,High
37,35.77304421,75,1,0,High
21,34.22301877,154,0,1,High
44,29.81490892,120,1,0,Medium
25,36.47995073,105,1,1,High
37,25.46510238,140,1,0,High
39,33.59578048,169,0,0,High
38,39.86324746,94,0,0,Medium
36,24.921836,113,0,0,Medium
30,32.82838577,83,0,0,Low
31,36.57492701,98,1,0,Medium
27,38.14776683,143,0,0,High
28,33.7945192,119,1,0,High
19,24.23937432,74,1,0,Low
42,25.17820733,179,1,1,High
43,18.45667671,191,0,1,High
26,34.73949151,157,1,0,High
34,18.94027133,126,1,1,High
43,37.0223518,95,1,0,High
20,20.61053352,75,0,0,Low
41,21.78128327,129,0,0,Medium
23,28.48358236,169,0,0,Medium
22,34.23336913,81,0,0,Low
22,21.05804851,144,0,0,Medium
39,27.68156365,72,0,0,Low
32,28.62272804,132,1,0,Medium
40,22.67028412,88,0,1,Medium
34,20.54228429,87,0,1,Low
26,36.40126031,149,1,0,High
20,29.05424429,142,0,0,Medium
37,18.31638719,195,1,0,High
43,35.66558863,141,0,0,High
34,39.57746372,107,0,0,Medium
44,31.3303763,137,0,0,High
27,29.08158452,149,1,0,Medium
20,37.32514899,111,0,0,Medium
35,38.95536937,133,1,1,High
35,34.59981215,147,0,1,High
34,27.79996445,196,0,0,Medium
41,31.02887079,174,1,0,High
20,33.42057803,145,0,1,High
20,22.27401856,199,1,0,Medium
23,27.83842271,191,0,0,Medium
30,36.25606782,113,0,0,Medium
41,32.40395767,171,1,0,High
32,27.04648948,131,1,1,High
42,32.59397575,70,0,0,Medium
26,20.60089307,86,1,0,Low
21,26.83294743,85,0,0,Low
31,35.44882784,78,1,0,Medium
22,22.85119332,128,1,0,Medium
19,22.09115317,188,0,0,Medium
28,38.91801052,188,0,0,High
26,22.61774785,110,0,0,Low
41,23.74020875,135,0,0,Medium
20,39.33155066,144,0,0,High
44,34.16358855,80,1,0,High
26,33.39112373,77,1,0,Medium
20,36.76438044,168,0,0,High
42,20.54810781,141,0,0,Medium
19,33.5310372,182,0,0,High
29,29.08114941,176,1,1,High
27,36.24131409,103,0,0,Medium
26,29.17911781,126,0,0,Medium
32,31.64530979,186,0,0,High
25,28.51032678,189,0,0,Medium
42,28.51949632,140,0,0,Medium
22,34.89533952,109,0,0,Medium
28,31.82846081,172,0,0,High
44,31.93179044,193,0,0,High
19,27.90621464,192,0,0,Medium
41,29.68440892,169,0,0,Medium
32,34.40578866,127,0,0,High
23,36.17070022,178,1,0,High
25,33.32435085,190,1,1,High
44,38.32960575,161,0,1,High
22,36.04712994,119,0,0,Medium
33,30.36100338,174,1,0,High
43,32.7709336,186,0,0,High
35,38.37878209,96,0,0,Medium
23,31.62169697,101,0,0,Medium
22,36.14575286,70,1,0,Medium
33,33.15383108,86,1,0,Medium
30,30.14259994,153,0,0,High
22,23.3204403,114,0,0,Low
30,27.37194543,135,1,0,Medium
34,39.29034215,101,1,0,High
35,32.47083843,114,1,0,High
25,30.41669837,78,0,0,Low
30,38.52504576,99,0,0,Low
36,30.90325918,153,1,0,High
43,29.57381541,129,0,0,Medium
20,34.70483881,70,0,0,Low
41,33.67864362,74,0,0,Medium
25,22.24952018,132,1,0,Medium
19,28.36878204,134,1,0,Medium
25,28.39533974,147,0,0,Medium
44,26.32093934,183,1,0,High
30,29.38045661,94,0,0,Low
30,27.08836275,112,1,0,Medium
18,22.38560077,126,0,0,Medium
23,27.07206272,141,0,1,High
41,19.59009285,96,0,0,Low
36,30.66728898,197,0,1,High
33,36.78040008,175,0,0,High
25,33.95631586,140,0,1,High
18,25.92866888,136,1,0,Medium
44,19.91556652,159,0,1,High
44,22.44728678,73,0,0,Low
33,30.00078749,175,0,0,High
26,22.55525583,148,0,0,Medium
30,29.96740845,165,0,1,High
28,23.09517854,162,1,0,Medium
30,36.67632513,143,0,0,High
42,26.7399724,195,1,0,High
38,23.40211377,85,1,0,Medium
27,35.87117597,185,0,0,High
21,25.54245723,87,0,0,Low
44,20.45272913,85,1,1,High
23,30.54900881,199,0,1,High
24,30.7944125,125,0,0,Medium
22,33.72330486,148,1,0,High
28,23.28482753,172,0,0,Medium
30,27.76296946,97,0,0,Low
43,24.21209422,74,1,0,Medium
42,19.78098219,175,0,0,Medium
36,37.28550419,91,0,0,Medium
40,34.0351357,186,1,1,High
27,24.63218731,169,1,1,High
27,31.18620584,82,0,0,Low
28,22.42780334,134,0,1,High
38,37.58520568,155,1,0,High
24,20.52793955,133,1,0,Medium
35,18.0844172,101,0,0,Medium
21,29.04418035,149,0,0,Medium
19,30.82881212,120,0,0,Medium
31,30.73723705,148,1,0,High
30,19.1992624,175,1,0,Medium
29,24.90896375,132,1,0,Medium
24,28.98237683,145,1,0,Medium
19,22.76474208,129,0,0,Medium
30,37.19776948,134,0,0,High
31,19.91640437,186,1,0,Medium
44,28.72245772,150,1,0,High
34,33.21115327,174,0,0,High
26,23.7585242,197,0,1,High
34,31.73329621,140,1,0,High
25,36.2464733,155,0,0,High
19,22.18741345,140,0,0,Medium
41,38.17885302,115,1,0,High
30,30.17828772,116,1,0,High
20,24.58310409,148,0,0,Medium
33,27.47888206,199,1,1,High
23,24.86822144,196,0,0,Medium
36,33.95244552,178,0,0,High
24,35.5186146,188,0,1,High
27,36.32462263,170,1,0,High
26,39.68690149,75,1,1,High
19,35.40825443,195,1,0,High
32,31.23044956,172,1,0,High
22,25.46284656,106,0,0,Low
39,29.98109987,106,0,0,Medium
21,18.9034998,77,0,0,Low
37,34.38615166,146,0,0,High
21,27.81102199,109,1,0,Medium
35,18.44051105,176,1,0,High
21,19.37515271,161,1,0,Medium
44,26.5242622,87,0,0,Low
34,30.83527342,126,0,1,High
29,28.21248688,152,0,1,High
39,31.62249498,101,0,0,High
34,28.56647369,94,0,0,Low
27,32.5574846,102,0,0,Medium
39,22.82077342,157,0,0,Medium
18,20.48255012,173,0,1,High
39,31.121547,103,0,0,High
43,28.66316937,171,0,1,High
41,18.59108839,196,0,0,Medium
44,26.37060148,138,0,0,Medium
35,20.33476288,109,0,1,High
35,29.6898503,149,0,0,Medium
31,26.70710895,100,0,0,Low
32,31.48934204,185,0,0,High
29,35.72324881,132,0,0,High
21,24.59271104,117,1,0,Medium
44,39.16624629,156,1,1,High
20,29.78395901,117,1,0,Medium
37,31.60239757,130,0,1,High
29,32.97479221,147,0,0,High
24,32.66809366,87,1,0,Medium
28,29.24135635,97,0,1,Low
18,27.4328144,149,1,0,Medium
23,19.18320321,85,0,0,Low
32,18.4858886,146,0,0,Medium
32,25.87514628,95,1,0,Low
36,25.34053959,97,0,0,Low
28,26.52929341,174,0,1,High
43,21.04410042,146,0,1,High
40,34.23970195,78,0,0,Medium
43,36.85321713,120,0,0,High
19,38.65172198,145,0,1,High
31,28.83197068,191,1,0,Medium
19,33.41904538,101,1,0,High
21,36.82212472,126,0,0,High
34,27.20240444,123,1,0,Medium
20,24.80708149,185,0,0,Medium
30,38.60794023,131,0,0,High
26,29.34488412,153,1,0,Medium
24,28.9395855,125,1,0,Medium
32,21.92515412,92,1,0,Low
40,20.37941032,86,0,0,Low
28,36.52635097,147,0,0,High
37,31.51092988,91,1,0,High
19,25.16814085,177,0,0,Medium
32,22.21819678,86,1,1,Medium
31,30.22094016,84,0,1,Medium
37,30.84622436,183,1,0,High
39,22.55385923,117,0,0,Medium
28,36.73092645,182,0,1,High
44,19.85381606,166,0,0,Medium
20,25.83404787,160,1,1,High
34,32.9684571,85,1,0,Medium
29,24.030648,167,0,0,Medium
41,36.20885429,180,1,0,High
38,34.27709219,70,0,0,Medium
32,35.35850258,110,0,0,Medium
33,20.62034379,117,0,0,Low
22,21.09203682,177,0,0,Medium
44,24.30242223,172,0,0,Medium
37,29.39769763,197,0,0,Medium
23,34.45635369,99,1,0,Medium
36,36.4036796,114,1,0,High
42,33.49537695,149,1,0,High
22,38.42913139,108,0,0,Medium
20,34.25235721,114,1,0,High
44,24.73789351,147,1,0,High
18,23.83178826,150,0,0,Medium
43,33.31623391,162,1,1,High
23,22.24315251,101,0,0,Low
32,20.03972584,93,0,0,Low
19,29.70890325,185,0,0,Medium
20,36.07611454,82,0,0,Low
34,20.23035653,148,1,0,Medium
42,35.42160912,125,0,1,High
41,35.8545841,122,0,0,High
29,28.610028,137,1,0,Medium
35,19.26082682,103,1,1,High
32,21.84097673,97,1,0,Low
29,33.56337805,119,0,0,Medium
33,33.65911479,199,0,0,High
44,37.76381605,180,1,0,High
25,30.81909522,163,0,0,High
31,20.73036209,116,0,0,Low
42,20.67112792,95,0,0,Low
34,33.86491186,153,0,0,High
38,22.04326263,175,0,1,High
25,25.22448099,161,0,0,Medium
32,28.71866415,189,0,0,Medium
44,18.54482731,144,0,0,Medium
31,23.47401859,191,0,0,Medium
35,26.97357139,110,0,0,Medium
37,24.15199901,121,1,0,Medium
24,21.0001472,151,1,0,Medium
20,34.01626967,143,0,0,High
29,35.88924841,135,0,0,High
38,23.66453748,93,0,1,Medium
41,35.03722888,97,0,0,Medium
43,26.48217842,186,0,0,Medium
20,29.1470874,183,0,0,Medium
37,36.83202365,130,1,0,High
31,34.498981,138,1,0,High
32,35.71257073,183,0,0,High
42,21.01059366,144,0,1,High
31,19.53382737,128,1,0,Medium
24,37.65490404,199,0,0,High
34,26.53235393,84,1,1,Medium
29,24.33335292,174,0,1,High
37,33.94331759,167,1,0,High
21,36.40114312,104,1,0,High
26,36.97477168,100,1,0,High
23,24.9519371,196,0,0,Medium
33,36.74867261,88,0,0,Low
42,18.90054678,93,0,0,Low
39,19.09255281,153,1,1,High
39,31.71742229,161,0,0,High
38,19.38834012,187,0,1,High
38,25.14140171,116,0,1,High
19,32.8006317,172,0,0,High
41,25.41987171,190,0,0,Medium
25,21.95119519,163,0,0,Medium
28,24.18971368,111,0,0,Low
30,28.06665731,180,0,0,Medium
34,28.45848882,98,1,0,Low
25,35.22600509,193,1,0,High
38,34.50337105,86,1,1,High
35,28.0499917,83,0,0,Low
35,36.60468168,119,1,0,High
31,20.51321705,126,0,0,Medium
32,23.61777371,173,0,0,Medium
23,36.2154822,108,0,1,High
28,26.31586885,165,0,1,High
30,39.58599429,105,0,0,Medium
42,28.25757219,183,1,0,High
18,35.42258371,106,0,0,Medium
23,26.85075491,83,0,0,Low
26,27.34897742,192,0,0,Medium
25,26.42342924,152,0,0,Medium
28,33.81966365,142,0,0,High
39,30.04539345,171,0,1,High
36,38.76311845,150,1,0,High
41,23.51958696,152,0,0,Medium
26,20.21238011,113,0,0,Low
34,26.65175267,137,1,1,High
29,31.56767957,117,1,0,High
42,36.93757661,126,1,1,High
31,25.61633151,144,1,0,Medium
32,32.38330852,91,0,0,Low
33,25.70437098,115,0,0,Low
39,31.57883083,80,1,0,High
39,37.46577483,100,1,0,High
37,23.08986813,189,0,1,High
18,26.89331613,125,0,0,Low
27,39.85183432,107,1,0,High
25,37.10825462,90,0,0,Low
35,30.42207687,179,0,0,High
18,29.36580702,163,0,0,Medium
19,24.26120841,77,1,0,Low
18,29.37860741,141,1,0,Medium
18,36.65999296,188,0,1,High
26,33.07383929,103,0,0,Medium
30,24.38096862,174,0,1,High
18,22.43220626,156,0,0,Medium
30,23.83458781,133,0,1,High
37,21.73470243,71,0,0,Low
43,20.10409531,178,0,0,Medium
39,27.22099584,95,1,0,Medium
24,20.4925913,152,1,0,Medium
19,21.78207627,176,0,1,High
23,30.04114306,138,0,0,High
24,21.62118402,166,1,1,High
43,19.40535488,99,0,0,Low
31,24.9825547,77,1,0,Low
43,22.84702017,107,0,1,High
35,29.33671414,150,1,0,High
32,20.25207586,177,1,0,Medium
19,34.53895733,134,1,0,High
27,37.93713743,136,1,1,High
40,34.35557383,159,1,0,High
29,29.72219482,164,0,0,Medium
34,36.93469208,141,0,0,High
25,33.28820436,112,0,0,Medium
28,18.23212469,115,1,1,High
20,26.66998336,194,1,1,High
44,36.72094179,108,0,0,High
23,25.60889488,120,0,0,Low
26,18.77473382,73,1,0,Low
23,34.41595205,190,0,0,High
26,35.64484195,149,0,0,High
24,21.53306129,146,1,0,Medium
26,29.82149093,124,0,0,Low
35,22.22301966,89,0,0,Low
29,33.82315722,103,0,0,Medium
25,23.97411001,191,0,0,Medium
25,24.9567327,178,0,1,High
35,36.58935878,195,0,0,High
37,28.47909175,123,0,0,Medium
32,32.73459793,158,0,0,High
44,26.85220712,122,0,0,Medium
24,24.55615086,119,0,0,Low
28,31.76051733,141,1,0,High
37,21.40686663,85,0,0,Low
33,26.20599638,82,1,0,Low
21,22.59881482,89,1,1,Medium
23,33.30748927,135,0,0,High
43,38.77259444,116,1,1,High
39,39.9012413,191,0,0,High
43,27.90608983,123,1,0,Medium
20,23.55566857,75,0,0,Low
26,27.74224615,83,1,0,Low
27,36.63992702,155,0,0,High
31,22.53212493,96,1,0,Low
28,38.94610434,76,0,0,Low
35,25.52104691,71,1,0,Medium
39,39.68768051,149,0,0,High
29,36.44939553,129,1,0,High
40,35.78855175,93,0,0,Medium
29,24.99390282,84,0,0,Low
30,18.19309866,164,1,0,Medium
42,26.40692399,150,1,0,High
30,24.63980613,87,0,0,Low
36,18.82273379,89,1,0,Medium
43,29.11803564,184,1,0,High
36,26.86668885,109,1,1,High
40,31.96024229,108,0,0,High
31,31.66609909,101,0,0,Medium
21,20.65642599,193,1,1,High
30,39.49324201,177,0,0,High
25,22.11249145,96,0,0,Low
40,27.79602854,179,0,0,Medium
38,28.73858596,166,0,0,Medium
40,35.88738154,143,1,0,High
36,20.18305111,86,1,0,Medium
29,27.43017414,118,0,1,Medium
35,31.82704775,150,0,0,High
23,22.73342368,185,0,0,Medium
35,31.80429377,92,0,0,Medium
36,38.32062643,167,0,1,High
39,39.94539889,141,1,0,High
22,18.71392369,126,1,0,Medium
41,23.18294102,155,0,0,Medium
26,24.82675655,92,1,0,Low
44,26.78077421,174,0,0,Medium
20,23.32965747,136,1,1,High
27,22.47673588,103,0,0,Low
36,39.00018453,102,1,0,High
20,38.20747526,115,0,1,High
39,19.03383502,150,0,0,Medium
32,25.45388648,156,0,0,Medium
18,26.91326818,84,0,0,Low
24,23.25831976,192,0,0,Medium
29,31.83520373,190,0,0,High
34,32.08837643,147,0,1,High
38,36.71109302,135,1,0,High
43,34.2991239,108,0,0,High
41,29.93661319,87,1,0,Medium
37,32.37890894,90,0,0,Medium
22,24.02775319,96,1,0,Low
21,31.04723618,71,1,0,Medium
29,28.7629996,166,0,0,Medium
37,20.93357828,108,1,0,Medium
41,23.33597408,125,0,0,Medium
35,24.41725592,176,1,0,High
34,38.33481048,196,0,0,High
36,23.06850607,82,0,0,Low
26,24.36336586,195,0,0,Medium
21,26.12579086,125,0,0,Low
43,32.60234025,97,0,0,Medium
38,20.60124463,133,1,0,High
19,38.98679467,140,0,0,High
21,37.04256684,188,0,0,High
19,30.69875361,169,0,0,High
32,32.82883308,110,0,0,Medium
19,18.36653037,73,0,0,Low
21,25.45678506,157,1,0,Medium
23,35.50452507,153,0,0,High
24,19.70462542,115,0,0,Low
27,24.21090435,157,0,0,Medium
36,30.87653022,76,0,0,Medium
36,23.64108661,146,1,0,High
43,38.54751543,162,0,0,High
39,20.88328988,89,0,0,Low
29,35.54267587,147,0,0,High
20,29.17487122,96,0,0,Low
30,34.50727707,189,0,0,High
35,24.83573722,94,0,0,Low
25,29.31877125,121,1,1,High
38,36.85037769,90,0,0,Medium
32,28.27131818,87,0,1,Low
18,25.91383696,108,0,0,Low
20,29.7954185,84,0,0,Low
43,33.78198057,122,0,0,High
25,27.7583936,107,1,0,Medium
21,38.65529345,121,1,0,High
33,24.48880813,141,0,1,High
40,28.46019934,97,0,1,Medium
27,34.65240851,187,0,0,High
29,33.16066399,104,0,0,Medium
31,37.00010315,168,1,1,High
31,39.92980197,121,1,1,High
19,27.39088323,152,1,0,Medium
40,20.44531936,117,0,0,Medium
22,18.66914938,91,0,0,Low
22,33.99129194,192,1,0,High
23,37.22830077,196,1,0,High
30,22.85567689,121,1,0,Medium
26,21.48585682,148,0,0,Medium
39,19.36851201,198,0,0,Medium
32,36.09946428,135,0,0,High
31,24.85040268,133,0,1,High
41,26.83733164,77,0,1,Medium
24,29.06050422,94,1,0,Low
42,36.46797115,163,0,0,High
37,32.31833087,84,0,0,Medium
19,31.53142186,191,1,0,High
24,21.8647862,144,0,0,Medium
23,29.29017762,173,1,0,Medium
34,33.73838238,107,0,0,Medium
44,39.41173943,184,0,0,High
42,22.4309388,108,1,0,Medium
42,18.20995377,177,1,1,High
19,19.65663154,86,0,0,Low
20,26.26875423,187,1,0,Medium
22,36.05198225,108,0,0,Medium
22,18.1571258,104,0,0,Low
18,28.04807304,120,0,0,Low
25,25.24307354,116,0,0,Low
29,19.15459762,105,1,0,Medium
41,27.90519831,133,1,1,High
21,23.60447156,164,1,0,Medium
30,25.74146636,174,1,0,Medium
40,33.52353671,82,0,0,Medium
32,29.47412165,181,1,0,Medium
28,20.74224344,134,1,0,Medium
27,39.15111989,77,1,1,High
20,31.99003685,117,1,0,High
39,34.84910536,154,1,0,High
31,19.7426893,112,0,1,Medium
33,19.03528435,154,1,0,Medium
27,18.42785711,88,1,0,Low
27,22.15346861,92,1,0,Low
29,27.11698475,184,0,0,Medium
26,38.58817493,119,0,0,Medium
18,28.0553125,112,1,0,Medium
22,24.38561232,168,0,0,Medium
37,30.36257558,173,1,0,High
25,20.46256072,185,0,0,Medium
28,31.4091296,120,0,0,Medium
29,30.505503,175,0,0,High
18,35.42384673,181,0,1,High
42,39.70712746,141,0,0,High
39,23.51921638,149,0,0,Medium
37,29.21244192,118,0,0,Medium
42,37.99503894,116,0,0,High
28,35.27417746,141,0,0,High
22,28.72293867,76,0,1,Low
32,38.79817629,135,0,0,High
22,19.25920726,146,1,1,High
29,38.48196963,131,0,1,High
22,19.11116263,107,0,0,Low
34,30.04070437,194,1,0,High
34,37.58970086,153,0,0,High
41,23.77986076,98,1,0,Medium
29,28.38946698,183,1,0,Medium
41,25.13523534,148,0,1,High
32,38.94716618,92,0,0,Low
32,36.12020308,175,0,0,High
23,33.59803325,170,0,0,High
29,30.92779371,77,0,1,Medium
44,36.05301937,155,0,0,High
37,26.62987491,186,1,1,High
35,27.84614081,98,0,1,Medium
31,34.06003786,71,0,0,Low
19,25.87060479,182,1,0,Medium
26,19.40582073,134,0,0,Medium
22,19.6353614,177,0,0,Medium
37,20.53798163,89,0,0,Low
43,37.13298911,106,0,0,High
18,28.38898137,141,1,0,Medium
40,33.68341213,96,0,0,Medium
20,26.64400538,192,0,0,Medium
23,23.69164084,114,0,0,Low
22,25.63822769,152,0,0,Medium
38,35.4720116,189,0,1,High
44,31.75475475,134,1,0,High
22,38.62807516,94,1,0,Medium
18,32.95350513,96,0,0,Low
34,30.5439959,175,0,1,High
36,31.4243122,113,1,0,High
31,38.73217167,176,0,0,High
29,35.34042046,105,0,0,Medium
27,18.52890722,75,0,0,Low
37,29.75107331,78,0,1,Medium
38,33.14344505,82,0,0,Medium
35,34.47136653,110,1,0,High
41,22.68912662,197,1,0,High
44,37.0779018,135,0,0,High
28,39.02854924,154,0,0,High
19,23.20773673,93,1,0,Low
42,37.41754007,113,0,0,High
35,20.13353278,175,1,0,High
42,19.22555039,167,0,0,Medium
24,20.8429236,129,0,1,High
41,19.27030375,78,0,0,Low
32,36.59026922,199,1,0,High
28,19.29910318,125,0,0,Low
35,23.97661221,91,0,0,Low
40,20.28263956,150,0,1,High
29,24.4992848,169,1,0,Medium
23,19.99230829,82,1,1,Medium
37,32.69607152,140,1,0,High
40,20.93318996,85,1,1,High
30,36.74061037,114,0,0,Medium
37,35.97820312,134,0,0,High
33,18.30055708,139,0,0,Medium
35,37.70597982,168,0,0,High
27,18.63677497,170,1,0,Medium
40,23.27220727,174,1,1,High
25,18.71256103,163,0,0,Medium
35,25.38855671,111,1,0,Medium
38,29.30506357,152,1,1,High
18,35.52618712,174,0,0,High
40,25.43559411,97,0,0,Low
25,33.52078054,95,0,0,Low
23,22.12509806,185,0,0,Medium
22,34.51316605,118,0,1,High
32,23.19192533,70,0,1,Low
39,21.15798463,161,0,0,Medium
32,22.07899471,127,1,0,Medium
19,22.00538884,148,0,0,Medium
18,29.28298335,150,0,1,High
40,36.58554679,95,1,0,High
40,19.75131169,146,0,0,Medium
43,33.55303901,141,0,0,High
28,32.39562211,138,1,0,High
27,37.19543894,75,0,0,Low
35,23.37124633,92,1,1,High
35,27.90241689,123,0,0,Medium
34,38.36820224,156,0,1,High
43,32.5198559,80,0,0,Medium
25,26.55290508,80,0,1,Low
32,20.89107242,146,1,0,Medium
25,23.77467017,81,1,0,Low
34,30.7867405,122,1,0,High
29,33.79969485,168,1,0,High
44,20.73728151,105,0,1,High
25,31.19113972,97,1,0,Medium
42,30.10772813,171,1,0,High
31,29.30701983,76,1,1,Medium
21,33.18270859,84,1,1,High
18,36.42389109,93,0,0,Low
18,25.10577303,99,0,1,Low
36,37.55826818,135,1,0,High
33,21.53393948,130,0,0,Medium
31,21.80652513,147,0,0,Medium
38,23.8689854,110,1,0,Medium
33,20.62967913,151,0,0,Medium
22,23.06702294,120,0,0,Low
26,20.34105878,164,0,0,Medium
43,36.07855317,82,1,1,High
19,21.05731782,159,0,0,Medium
35,34.44054627,151,1,1,High
23,19.05410509,78,0,0,Low
26,38.86744721,117,0,0,Medium
18,33.64552193,118,0,0,Medium
26,18.14952407,122,1,0,Medium
42,34.804843,109,0,1,High
33,29.30980226,176,1,0,Medium
30,35.14603375,93,1,0,Medium
26,29.4949298,177,1,1,High
38,32.10254687,102,1,0,High
30,35.29929642,92,0,0,Low
26,26.9123772,146,0,0,Medium
28,18.0595793,123,1,1,High
21,36.69882291,122,1,1,High
19,26.37958798,118,1,0,Medium
23,28.91293997,147,1,0,Medium
31,18.17086613,149,1,1,High
21,28.82602423,171,0,0,Medium
23,39.70272283,191,1,1,High
36,24.12188854,172,1,0,High
23,26.69920195,159,1,1,High
19,33.11817992,159,0,0,High
35,35.92546069,190,1,0,High
30,27.18261573,129,1,0,Medium
26,24.81271515,191,0,0,Medium
40,38.6321676,99,1,1,High
36,32.89718927,199,0,0,High
30,20.6184687,152,1,1,High
28,19.51641332,180,0,0,Medium
18,28.63809672,177,0,0,Medium
41,22.84198145,180,0,0,Medium
39,23.58766457,94,1,0,Medium
24,37.30922793,119,0,0,Medium
42,19.97045253,83,1,0,Medium
38,33.73801054,145,1,0,High
32,23.96512957,153,1,0,Medium
18,34.72722087,156,0,1,High
29,33.89305046,99,1,0,Medium
43,18.16262183,127,1,0,High
24,29.20097908,163,0,0,Medium
32,21.06502861,110,0,1,Medium
38,37.05699467,163,0,0,High
36,37.17488942,126,1,0,High
42,27.20360776,133,0,0,Medium
18,27.77670361,167,0,0,Medium
34,24.67222467,85,1,0,Low
34,33.76533858,157,0,1,High
20,25.89054999,147,1,0,Medium
29,23.89143444,159,1,0,Medium
23,27.50908331,141,0,0,Medium
43,20.0127254,83,1,1,High
28,34.4252705,100,0,0,Medium
20,18.27712083,135,0,0,Medium
25,32.17867135,181,1,0,High
31,22.02301959,137,0,0,Medium
31,23.11288902,124,1,0,Medium
27,31.98390397,192,0,0,High
19,39.84475625,94,0,0,Low
31,35.10978476,138,1,0,High
26,22.96847191,171,0,0,Medium
20,21.87254461,187,1,0,Medium
38,37.05712315,95,0,1,High
43,27.77204685,109,1,0,Medium
25,21.01516166,107,0,0,Low
33,36.96865131,76,0,0,Low
19,35.95403176,189,0,0,High
23,39.64594001,104,0,1,High
38,38.01436111,147,1,1,High
43,36.73938745,107,0,0,High
42,19.15663675,97,0,0,Low
29,20.29713813,169,0,0,Medium
22,30.51763027,107,1,1,High
19,29.69254342,193,1,0,Medium
33,28.07519072,161,0,0,Medium
22,26.72936516,166,0,0,Medium
32,27.48663067,75,0,1,Low
29,30.52455455,196,1,0,High
21,18.04568339,84,0,0,Low
32,23.73559303,177,0,0,Medium
28,29.40215386,112,1,0,Medium
33,33.88875417,116,1,0,High
40,21.83144723,168,0,1,High
23,30.03138582,83,1,1,High
31,33.71811305,184,0,0,High
35,27.78180847,71,1,1,High
29,18.59578494,104,0,0,Low
44,27.88389949,79,0,0,Low
28,24.52178753,181,1,1,High
30,38.45229137,90,0,0,Low
38,20.74149448,84,0,0,Low
40,32.35447102,181,0,1,High
28,19.15983486,195,1,0,Medium
40,27.81574963,154,0,0,Medium
33,30.18754872,154,1,1,High
32,24.55500849,74,0,0,Low
38,28.01166398,186,0,0,Medium
32,21.59818348,141,0,0,Medium
42,24.69072469,143,0,0,Medium
21,31.66433915,120,1,0,High
28,24.63960123,93,1,0,Low
36,37.79434772,107,0,0,High
32,31.82495307,113,0,0,Medium
21,27.65027841,144,1,0,Medium
38,18.85265258,164,1,0,High
30,28.99006337,92,1,1,Medium
39,34.82507733,193,1,0,High
36,23.84226716,155,0,1,High
19,35.74901853,112,1,0,High
31,23.53974885,109,0,0,Low
21,36.12242053,116,0,0,Medium
33,19.87590352,89,1,0,Low
38,37.0560416,178,1,0,High
37,28.98210192,137,1,0,High
31,24.52382697,93,0,1,Low
44,23.83249151,105,0,0,Medium
32,27.5042323,114,0,1,Medium
20,39.97908896,199,1,0,High
25,22.84720266,97,0,0,Low
33,20.27076628,92,1,0,Low
27,30.87077371,160,0,0,High
21,28.74793426,172,1,1,High
35,29.53231796,107,1,0,Medium
19,32.67257919,163,0,0,High
34,23.87716954,122,0,0,Low
30,38.0346299,107,1,0,High
21,27.58478545,112,0,1,Medium
43,20.83989629,172,1,0,High
42,34.33057265,183,1,0,High
28,32.14829576,73,0,0,Low
24,24.94635485,74,1,1,Medium
29,31.67341193,137,0,0,High
27,22.83696304,192,1,0,Medium
24,27.78646591,149,0,0,Medium
30,37.78707549,80,1,1,High
24,20.93775313,189,0,0,Medium
41,26.5073219,95,0,0,Low
34,36.06513334,105,0,0,Medium
27,39.32879979,191,1,0,High
27,27.986375,128,0,0,Medium
41,29.15399164,165,1,0,High
21,30.58778316,75,0,0,Low
37,38.51165912,167,1,0,High
21,36.8805494,125,1,0,High
39,21.75322474,163,0,0,Medium
24,27.60867199,96,0,1,Low
39,28.20800942,189,0,1,High
18,35.36011446,94,0,0,Low
29,31.26364342,155,0,0,High
41,32.39285016,81,1,1,High
30,39.96039797,156,0,0,High
27,19.64912096,178,1,0,Medium
32,22.90621612,158,1,1,High
44,26.97371062,79,0,0,Low
30,25.65121287,143,1,0,Medium
40,18.47620235,146,0,0,Medium
39,20.01910734,123,1,0,Medium
39,32.98097241,171,0,0,High
38,37.34513819,170,1,1,High
39,29.31299425,142,1,0,High
26,29.86220375,141,0,0,Medium
43,23.61205552,123,1,1,High
26,34.89328,72,0,0,Low
32,34.53948092,180,0,0,High
27,30.94404516,165,1,0,High
41,22.6786143,140,0,1,High
43,20.1344008,88,1,0,Medium
42,19.41324867,103,0,0,Medium
27,31.03931347,119,1,0,High
25,36.15077702,115,0,0,Medium
41,36.8832695,152,0,0,High
33,28.19968564,120,0,0,Low
34,35.25396858,123,0,0,Medium
43,38.83136432,159,0,0,High
44,24.05374247,150,0,0,Medium
22,26.75512762,187,0,0,Medium
21,38.49253784,88,0,0,Low
35,25.44108128,96,0,1,Medium
41,38.10527839,76,0,1,High
36,39.58298697,138,0,1,High
21,32.55983603,163,1,0,High
24,35.97158637,182,0,0,High
27,34.49000241,176,0,0,High
42,33.38975367,189,0,0,High
35,24.75248361,111,1,0,Medium
36,19.25607543,82,0,0,Low
21,25.54713812,87,1,0,Low
27,32.67259167,111,0,0,Medium
18,20.25564236,120,0,0,Low
40,18.26219563,182,1,0,High
35,21.0732322,170,0,0,Medium
22,33.74619038,72,0,0,Low
32,39.40146144,148,1,1,High
34,39.62742339,167,1,0,High
20,28.86754128,92,1,0,Low
29,37.12575062,128,1,1,High
19,34.21018203,182,1,0,High
18,29.02288521,137,1,0,Medium
40,30.60073173,123,0,0,High
38,21.01899723,126,1,0,High
34,38.62855213,180,1,0,High
39,25.74245496,129,0,0,Medium
33,27.81528364,142,0,0,Medium
22,32.77652508,124,0,1,High
32,25.34585437,186,1,0,Medium
20,23.59370154,132,0,0,Medium
24,31.88308665,124,1,0,High
28,18.54964981,94,0,0,Low
27,33.85595246,95,1,1,High
26,29.30851414,132,0,0,Medium
31,31.32658207,142,1,1,High
30,31.9013635,148,1,0,High
42,29.59510344,134,1,1,High
42,30.8157431,138,1,0,High
19,33.04334042,78,1,0,Medium
20,34.56861464,95,0,0,Low
24,34.00395261,97,0,0,Low
38,37.13156207,109,1,0,High
35,22.16775553,96,0,1,Medium
20,26.82525533,107,0,0,Low
27,38.85151345,154,0,0,High
39,26.72499264,133,0,0,Medium
24,20.74714169,99,0,0,Low
26,29.55979278,168,1,1,High
34,20.4088014,81,0,0,Low
28,22.46277125,160,0,0,Medium
24,39.96301264,99,0,0,Low
41,29.90997804,107,1,0,Medium
31,24.24928456,154,1,0,Medium
36,39.885049,129,1,0,High
21,39.26429621,107,0,0,Medium
43,27.6962589,173,1,0,High
23,23.72886839,98,1,0,Low
27,36.44479204,181,1,0,High
24,33.74365577,90,1,0,Medium
30,33.11271157,188,0,0,High
31,37.64850231,129,0,0,High
21,33.16717695,182,0,0,High
25,24.24355475,198,0,0,Medium
22,33.26498956,127,1,0,High
18,24.72789725,72,1,1,Medium
21,34.70325755,92,1,0,Medium
20,31.6344528,152,0,0,High
26,19.70305414,124,0,0,Low
25,29.28237797,179,0,0,Medium
18,25.55262132,185,0,1,High
44,25.22855392,131,0,1,High
23,31.24963865,156,1,0,High
26,25.09114614,169,0,0,Medium
24,35.09166246,96,1,0,Medium
21,19.55741159,103,0,0,Low
30,32.52854155,102,1,0,High
34,35.80228568,161,0,1,High
19,32.80229718,165,0,0,High
22,28.93904229,164,1,1,High
29,38.9067543,107,1,1,High
44,24.59864678,110,0,1,High
38,18.42169353,148,0,0,Medium
25,27.50376617,197,0,0,Medium
23,18.72626259,91,1,0,Low
25,38.98660856,85,1,0,Medium
35,22.61819701,101,0,0,Medium
20,35.35639453,107,0,0,Medium
39,35.04058583,167,1,0,High
29,22.79003579,90,0,0,Low
43,31.66698367,125,1,0,High
20,19.05773731,115,0,0,Low
39,28.63864089,112,0,0,Medium
23,18.3222368,189,0,0,Medium
19,38.26516536,115,0,0,Medium
40,39.47389253,117,0,1,High
29,22.89022087,153,1,0,Medium
19,22.57833276,100,1,0,Medium
23,34.58184388,140,1,0,High
34,23.57434677,77,1,0,Low
20,37.6916843,199,0,0,High
19,30.62644099,121,0,1,High
40,25.71710771,114,1,1,High
37,36.31926242,106,0,0,High
25,28.85494741,113,0,0,Low
39,38.0559241,186,0,0,High
29,38.41631321,107,0,0,Medium
43,21.63924335,168,0,0,Medium
21,18.05111493,193,1,0,Medium
22,39.64648068,75,1,0,Medium
30,37.93502579,137,1,0,High
32,19.21979519,170,1,0,Medium
42,36.32675381,82,1,0,High
40,28.07170852,99,0,0,Low
33,23.69715531,169,0,0,Medium
27,37.33242352,71,1,0,Medium
42,22.32667911,127,0,0,Medium
40,38.84059999,105,0,0,High
33,22.52367273,141,0,0,Medium
29,31.50103013,195,0,0,High
34,22.90789936,146,0,0,Medium
33,30.00471063,119,0,0,Medium
29,33.04745286,101,0,0,Medium
25,22.18501448,167,1,0,Medium
37,29.45948722,112,0,0,Medium
20,28.31931438,194,1,0,Medium
33,19.56282327,164,0,0,Medium
30,36.00277199,147,0,1,High
40,25.38501281,123,0,0,Medium
36,30.64080835,116,0,0,High
25,29.32525317,83,1,0,Low
39,29.2917311,124,1,0,Medium
22,20.35889267,132,1,0,Medium
37,27.3166042,88,1,1,High
25,27.9520687,160,0,0,Medium
41,34.14014249,170,0,0,High
29,36.4804143,106,0,0,Medium
18,29.98961012,176,0,0,Medium
42,19.90922499,161,0,1,High
38,23.21068835,121,0,0,Medium
37,21.62854859,97,0,0,Low
23,20.74153139,105,0,1,Medium
39,26.04978457,185,0,0,Medium
35,23.04665705,133,1,0,High
25,22.80266846,87,1,1,Medium
24,19.20324984,158,1,0,Medium
18,18.38874099,147,1,0,Medium
38,20.26090134,159,0,0,Medium
33,21.78834455,77,0,0,Low
29,27.48164203,84,0,0,Low
23,29.23144575,76,1,0,Low
37,21.0930222,86,1,1,High
19,27.34523351,155,0,1,High
31,25.51847453,187,0,1,High
21,22.03532016,133,1,0,Medium
18,18.15049646,81,0,1,Low
40,28.27439306,125,1,0,Medium
35,33.08433848,170,0,0,High
30,22.97810135,85,0,0,Low
19,20.89975026,71,1,0,Low
26,37.51494038,197,1,0,High
38,24.05054499,161,1,1,High
19,22.91947764,174,0,0,Medium
44,36.85613267,100,0,0,High
42,35.97635618,116,1,0,High
26,27.86362235,112,0,1,Medium
18,28.76325495,134,0,0,Medium
28,22.79047151,119,1,0,Medium
20,19.72263675,70,0,0,Low
37,30.61550016,191,0,0,High
40,20.16358827,97,1,1,High
43,27.88404003,155,1,0,High
21,38.69093837,151,0,0,High
35,38.96235656,91,0,0,Medium
40,23.2653103,110,1,1,High
23,31.73049524,145,1,0,High
20,28.42967781,158,1,0,Medium
39,37.26507281,128,0,0,High
28,23.97147901,138,0,0,Medium
32,18.08145295,192,1,1,High
39,21.57634653,143,1,1,High
22,25.68950163,76,1,1,Medium
37,24.94586485,170,0,1,High
27,35.40998422,180,0,1,High
29,32.97233466,121,0,0,Medium
32,24.59023903,93,1,1,Medium
34,28.07036398,95,1,0,Low
27,20.10230029,194,0,0,Medium
23,37.75922179,159,0,0,High
35,38.57934614,191,0,1,High
30,39.55567778,79,0,0,Low
20,37.10816228,86,1,1,High
41,21.82713953,71,1,0,Medium
27,19.01632263,181,0,0,Medium
31,30.751128,96,0,0,Low
23,38.07731059,140,1,0,High
20,21.90172996,187,0,0,Medium
33,18.15494412,78,0,0,Low
24,35.72091301,155,1,1,High
37,19.68950505,92,1,0,Medium
31,27.1015327,142,1,0,Medium
26,32.93552142,96,0,0,Low
32,23.20954688,162,0,0,Medium
38,19.8471764,150,0,0,Medium
20,34.94046703,153,0,0,High
19,31.86385187,112,1,0,High
44,39.74679066,76,0,0,Medium
19,25.57477673,161,1,0,Medium
20,19.3587725,152,0,1,High
35,34.15570078,153,0,0,High
31,29.47813521,113,1,0,Medium
37,22.69048649,109,0,0,Medium
35,35.19803776,94,0,0,Medium
27,22.48262069,128,0,0,Medium
42,23.73455641,172,0,0,Medium
19,20.0356282,155,0,0,Medium
42,26.78751014,181,0,0,Medium
39,27.21644293,155,1,1,High
18,29.32035939,167,1,1,High
21,33.59721388,131,0,1,High
31,37.93422043,77,0,0,Low
18,21.03015018,182,1,0,Medium
31,19.19565816,129,0,0,Medium
33,18.40768714,129,1,0,Medium
39,21.15967032,175,1,0,High
31,32.47488869,71,0,0,Low
37,34.00449572,160,1,0,High
20,35.3031257,83,1,1,High
20,23.36158066,117,1,0,Medium
26,24.72968589,172,0,0,Medium
23,28.6289622,125,0,0,Low
42,19.39002813,81,1,0,Medium
30,31.44511351,124,0,0,Medium
38,39.64217074,179,1,0,High
19,25.93773885,73,0,0,Low
25,34.56264445,105,0,0,Medium
38,29.00074614,70,1,0,Medium
19,20.81186058,86,1,0,Low
21,30.80922387,131,1,0,High
42,24.59723391,117,1,0,Medium
32,18.75687059,131,0,0,Medium
21,31.96845406,138,0,1,High
30,36.89651169,172,1,0,High
29,25.58493487,179,0,0,Medium
30,26.58650204,160,1,1,High
31,37.60247703,183,0,1,High
37,35.89939389,158,0,1,High
35,33.72896212,125,0,0,High
23,23.4735354,147,0,0,Medium
28,38.02476641,83,1,0,Medium
19,21.39714667,94,1,0,Low
40,31.78895143,101,1,1,High
36,18.63362597,151,0,0,Medium
36,32.16183574,147,0,1,High
22,24.09717574,175,0,0,Medium
36,27.8928935,89,0,0,Low
19,25.59582015,143,0,1,High
27,21.80064864,79,0,0,Low
42,31.68357738,192,0,1,High
19,37.40346221,103,0,0,Medium
28,39.09985333,109,0,0,Medium
35,22.23161999,196,0,0,Medium
41,33.78220103,102,0,1,High
32,32.61546607,140,0,0,High
26,25.55431137,167,1,0,Medium
40,18.42018239,193,0,0,Medium
36,33.17540744,112,1,0,High
26,38.80088693,183,0,0,High
20,31.90664268,158,1,0,High
38,27.57643993,82,0,0,Low
26,29.55338567,197,1,0,Medium
31,22.39183377,121,0,1,Medium
36,34.5119716,86,1,0,High
24,34.42123626,82,0,1,Medium
33,21.20138061,153,0,0,Medium
33,37.31552441,166,1,1,High
18,23.92217427,175,0,0,Medium
21,39.60963334,165,1,0,High
21,26.42386631,77,0,1,Low
24,21.91344929,125,0,0,Low
25,25.73784245,173,1,0,Medium
34,27.68396723,152,0,1,High
22,19.52477101,113,0,0,Low
24,30.72080439,172,1,1,High
37,31.14791368,181,1,0,High
37,34.25647002,111,1,0,High
21,18.64173763,99,0,0,Low
23,29.90724072,95,0,0,Low
24,19.16396353,194,0,0,Medium
35,33.42517284,88,0,0,Medium
22,19.22601569,122,1,0,Medium
37,38.05801266,154,0,0,High
20,33.44581647,86,0,0,Low
24,29.16257483,173,0,1,High
44,27.71308631,174,1,0,High
39,20.87479787,173,1,0,High
31,24.40198657,193,1,1,High
24,37.11710031,150,0,0,High
22,37.89796185,106,1,1,High
39,18.01644958,190,1,0,High
22,31.07100061,139,0,0,High
40,33.8246134,199,0,0,High
19,31.61243361,128,0,0,High
44,19.79695483,187,0,1,High
38,22.78994777,106,1,0,Medium
39,23.50748588,100,0,0,Medium
23,36.29794189,168,0,0,High
32,28.1903876,163,1,0,Medium
38,28.71022066,75,1,0,Medium
27,38.56764702,84,1,0,Medium
40,32.01588955,85,0,1,High
43,37.77068943,89,0,1,High
41,28.04319482,146,0,0,Medium
24,21.28759769,113,0,0,Low
22,38.45858307,115,0,0,Medium
18,28.09151254,164,0,0,Medium
30,21.99589128,133,0,0,Medium
38,24.65270629,78,0,0,Low
43,19.11765697,111,0,0,Medium
35,28.30261301,142,1,1,High
30,36.76881978,153,1,1,High
38,38.53877003,128,0,0,High
38,38.51724857,90,0,0,Medium
35,20.75506056,132,0,0,Medium
22,26.40518542,142,0,0,Medium
30,18.62103271,130,0,0,Medium
21,36.81363759,133,1,0,High
34,25.89262676,138,1,1,High
20,31.88457461,198,1,1,High
34,33.72776564,175,1,0,High
28,27.45658273,134,1,0,Medium
38,24.7417314,191,0,0,Medium
37,39.16868402,131,1,1,High
40,39.21874095,172,0,1,High
38,24.3676001,129,1,0,High
43,28.55175213,115,0,0,Medium
21,39.40257149,74,0,0,Low
19,18.10710497,182,1,0,Medium
37,27.07892146,139,0,0,Medium
33,20.21006609,80,0,0,Low
35,29.20147524,167,0,0,Medium
25,18.542739,100,0,0,Low
20,26.95176549,81,1,1,Medium
26,22.85537965,177,1,0,Medium
37,29.73278397,149,0,0,Medium
23,39.91186028,136,0,0,High
27,35.61179431,121,1,0,High
38,36.60412602,94,0,0,Medium
27,31.97582972,104,0,0,Medium
30,18.91431666,91,0,1,Low
34,22.54954887,165,1,0,Medium
26,38.35142024,186,0,0,High
34,26.05448859,89,0,0,Low
41,20.28000798,175,0,0,Medium
26,33.45291805,73,0,1,Medium
26,24.58806993,87,0,0,Low
18,23.91485208,120,0,0,Low
19,39.95550402,89,0,0,Low
33,36.87905635,191,0,0,High
18,26.974632,149,0,1,High
27,39.56574657,171,1,0,High
35,32.30249092,94,1,0,High
43,34.32449394,128,0,1,High
25,18.69328695,114,0,0,Low
38,20.67531571,110,0,0,Medium
28,31.92787278,107,1,0,High
40,37.77852762,186,1,0,High
19,31.72236197,88,0,0,Low
25,20.94854768,83,1,0,Low
44,20.54672102,196,1,0,High
39,36.57208971,72,1,0,High
25,21.06465145,106,0,0,Low
34,29.44510313,186,0,0,Medium
32,18.81649304,85,0,1,Low
34,19.77473488,78,1,0,Low
40,32.79166189,76,1,1,High
41,33.16199103,84,0,0,Medium
30,25.51232695,141,0,0,Medium
36,22.74341484,173,0,0,Medium
22,35.90162596,198,0,1,High
29,22.77627105,165,0,0,Medium
18,29.92459553,191,0,0,Medium
40,39.3005945,184,0,1,High
22,21.25275363,149,1,1,High
25,38.69927788,76,0,0,Low
30,22.02364717,119,0,1,Medium
25,30.48375058,199,0,0,High
42,26.29416966,116,1,0,Medium
40,39.22842923,83,0,0,Medium
28,24.01792464,100,1,0,Medium
18,26.79247605,119,0,0,Low
30,39.62292259,110,1,0,High
36,29.80234861,83,1,0,Medium
41,29.05786254,74,0,0,Low
20,23.67112674,74,1,1,Medium
41,33.42999833,182,0,0,High
34,18.31620494,187,0,1,High
22,19.08927785,165,0,1,High
37,31.18588892,105,0,1,High
38,25.51684062,148,1,1,High
25,38.97296019,88,1,0,Medium
43,37.8701952,91,0,0,Medium
31,33.70153769,125,0,0,Medium
21,35.99920278,86,0,0,Low
28,32.68130069,86,1,0,Medium
37,20.76280626,147,0,0,Medium
32,34.84195413,125,1,1,High
36,22.62422331,149,0,1,High
24,25.11574281,119,0,0,Low
36,36.02315267,127,1,0,High
36,29.80356338,87,0,0,Low
28,36.91869571,145,0,1,High
43,22.68677704,79,0,0,Low
22,31.37112565,138,0,0,High
22,19.8434014,154,1,0,Medium
39,32.14734186,152,0,0,High
25,34.77574883,178,0,1,High
27,30.86847967,113,0,0,Medium
23,23.85709303,87,0,0,Low
32,18.68953871,162,1,1,High
33,20.62787545,107,1,1,High
34,31.69066554,120,1,1,High
25,38.55724477,88,0,0,Low
25,22.54375689,189,0,0,Medium
42,34.17057528,137,0,0,High
26,37.06192339,135,1,0,High
19,29.45940793,167,0,0,Medium
32,32.72384751,157,0,0,High
35,35.93033697,102,1,0,High
20,23.73485347,174,0,1,High
34,24.53170483,143,0,0,Medium
21,18.01380537,151,0,1,High
21,39.18807088,88,0,0,Low
31,38.18598768,140,0,0,High
26,34.8205018,126,0,0,High
26,19.73967246,148,0,0,Medium
42,27.84506357,111,0,0,Medium
43,20.24161859,185,1,1,High
40,18.35024588,73,0,0,Low
35,31.55602523,73,1,1,High
27,39.13824718,74,0,0,Low
38,37.86309652,110,0,1,High
21,33.32860593,177,1,0,High
29,20.12609285,156,0,1,High
44,24.03160883,173,0,0,Medium
25,25.04124799,186,1,0,Medium
19,34.78930127,170,0,1,High
39,35.64948194,144,0,0,High
30,26.47233471,144,0,0,Medium
38,27.19344793,82,1,1,High
33,18.97919886,94,1,0,Low
19,24.36100781,184,0,0,Medium
28,27.9282739,151,0,0,Medium
27,20.57362702,79,0,1,Low
32,27.97188414,119,0,0,Low
34,36.76986787,84,0,0,Low
25,30.78906243,85,0,0,Low
35,19.73645681,71,0,1,Medium
40,22.21676901,99,0,1,Medium
26,28.4399757,151,1,0,Medium
42,25.9527173,100,0,0,Medium
25,25.89199443,146,0,0,Medium
44,29.64388386,183,0,0,Medium
31,30.85671027,104,1,0,High
43,35.53095455,92,1,1,High
42,25.5012644,175,1,0,High
35,35.72025823,166,0,0,High
39,25.44944704,184,1,0,High
37,19.21952576,169,0,0,Medium
37,30.19212832,124,0,0,High
38,30.93385115,77,0,0,Medium
29,38.5598854,128,1,0,High
36,33.97334917,197,1,0,High
31,38.19099835,101,1,1,High
34,37.98363863,162,1,0,High
41,31.30063043,76,0,0,Medium
38,29.61076544,71,0,0,Low
20,30.26370128,154,0,1,High
43,39.52327777,175,1,1,High
40,35.00968922,105,0,0,High
24,20.33784991,114,1,0,Medium
34,35.12542495,111,0,0,Medium
29,21.75183708,122,0,0,Low
26,27.84171208,179,0,0,Medium
32,22.63011279,78,0,0,Low
35,33.17082744,156,1,0,High
38,37.3008142,183,0,0,High
30,24.38796148,144,0,0,Medium
38,19.80423631,199,0,0,Medium
25,24.56684816,80,0,0,Low
31,32.79196087,119,0,0,Medium
25,25.23272281,191,0,0,Medium
31,24.11846769,144,1,0,Medium
24,22.05757419,100,0,1,Medium
40,28.94536139,161,0,0,Medium
29,24.07087422,161,0,1,High
28,34.08222768,144,0,0,High
39,19.68569284,161,0,0,Medium
39,32.60872673,198,0,0,High
28,23.22632032,111,0,1,Medium
42,28.76414374,179,1,0,High
39,24.29397828,87,0,0,Low
30,33.90091087,146,1,0,High
35,38.79675489,89,1,1,High
19,38.17568915,196,0,1,High
38,30.83537673,144,0,0,High
32,28.17742667,131,0,0,Medium
37,36.00261121,101,0,0,High
44,33.03317998,97,1,1,High
35,22.03841051,143,1,0,High
32,36.0602227,150,0,1,High
36,27.43545657,91,0,0,Low
40,22.15768452,165,0,0,Medium
41,24.19954171,191,0,1,High
29,23.88559467,192,1,0,Medium
30,29.42255344,121,0,1,Medium
39,23.15614199,147,0,0,Medium
28,20.71846272,139,1,1,High
22,20.72119871,90,0,0,Low
18,30.83207634,133,0,0,High
41,34.16470435,145,0,0,High
20,25.07372619,130,0,0,Medium
39,18.76231562,164,1,0,High
36,20.79894751,109,1,1,High
40,38.12328033,73,0,0,Medium
24,28.85796051,100,1,0,Medium
29,27.97860181,138,0,1,High
32,18.83708192,139,1,0,Medium
42,34.03001449,74,1,0,High
22,29.61749778,184,0,0,Medium
32,22.44578059,160,1,1,High
25,20.42162272,77,0,0,Low
27,26.434533,78,0,0,Low
43,36.41756321,84,1,1,High
33,37.0364803,174,1,1,High
25,31.26262037,76,1,0,Medium
18,34.0058014,141,1,0,High
29,20.53342732,184,0,1,High
22,30.93877344,84,0,0,Low
20,32.67324548,152,1,1,High
18,22.41568254,108,0,0,Low
21,37.36340412,126,1,0,High
25,22.28992823,161,0,0,Medium
20,24.89650192,150,1,0,Medium
27,31.65225063,196,0,0,High
19,32.04370143,144,1,0,High
28,33.3864643,148,0,0,High
42,20.46425769,79,1,0,Medium
27,36.68821746,176,0,0,High
38,29.72263691,156,0,1,High
31,28.36907947,136,1,0,Medium
24,39.58414774,131,1,0,High
44,34.28832253,176,1,0,High
44,20.59613259,162,0,0,Medium
19,34.64386168,155,0,0,High
26,20.09547655,190,0,0,Medium
33,18.60435238,148,0,0,Medium
30,26.8797697,79,1,0,Low
26,39.8587198,98,0,0,Low
37,21.8474466,165,0,1,High
21,32.79817556,79,0,0,Low
39,21.81471346,82,0,0,Low
27,33.94531345,116,0,0,Medium
43,29.1177807,119,0,0,Medium
43,32.95937762,185,0,0,High
39,22.46320987,182,0,1,High
29,34.40382332,154,1,0,High
34,39.90361931,122,0,0,Medium
31,32.64431101,199,0,0,High
31,28.85655996,137,1,0,Medium
42,38.30982775,148,1,0,High
19,18.34874053,126,1,0,Medium
38,34.05831742,166,1,1,High
42,37.55242337,132,0,0,High
37,19.35684084,134,1,0,High
28,27.90141175,108,0,0,Low
33,22.50382799,178,0,0,Medium
36,30.46339964,95,1,1,High
40,32.28994509,81,0,1,High
23,24.65771002,146,1,0,Medium
41,28.11959673,155,1,0,High
36,24.14546868,99,0,0,Low
22,26.12660562,121,1,0,Medium
43,21.50987905,132,0,0,Medium
21,37.48230776,189,0,1,High
32,18.22022903,174,1,0,Medium
21,37.4130021,108,0,0,Medium
37,30.57693532,110,1,0,High
27,25.29647257,190,0,0,Medium
41,33.90725676,177,0,0,High
39,29.17054734,134,1,0,High
20,28.98039048,187,0,0,Medium
43,20.42313022,148,0,0,Medium
22,26.56935257,77,0,0,Low
23,23.30341561,166,1,0,Medium
38,18.34530992,87,0,1,Medium
39,25.92219188,165,1,1,High
25,19.97608685,102,0,1,Medium
24,23.65026083,74,1,0,Low
38,20.03536567,196,1,0,High
27,20.22071576,143,0,0,Medium
23,22.37824848,195,0,1,High
31,39.99668338,74,1,0,Medium
21,18.04805114,103,1,0,Medium
42,32.05079799,93,0,0,Medium
30,21.10736136,164,1,0,Medium
37,38.25381901,140,1,0,High
34,20.05992365,161,1,0,Medium
40,39.01139012,194,1,0,High
24,31.44038052,91,0,1,Medium
21,18.02789769,84,1,0,Low
31,37.66815835,170,0,1,High
20,29.47765963,84,0,0,Low
41,23.77873418,122,0,0,Medium
22,34.88014191,171,0,0,High
33,38.38664219,182,0,0,High
43,28.64119811,101,0,0,Medium
40,24.94217644,90,0,0,Low
37,35.35679273,152,1,0,High
21,32.99928095,83,0,0,Low
41,37.55255464,84,0,0,Medium
41,33.23530828,103,0,0,High
19,23.35762346,152,0,0,Medium
35,38.49650349,78,0,0,Medium
36,20.30638644,146,0,0,Medium
36,23.8947405,78,1,0,Medium
34,29.44428137,105,1,0,Medium
31,30.44632457,186,1,0,High
36,18.33683291,72,0,0,Low
39,35.17259997,88,0,0,Medium
41,25.95536101,92,0,0,Low
30,26.9412079,173,1,0,Medium
29,35.80612998,174,0,0,High
43,26.34423462,115,0,1,High
23,19.03894728,84,0,0,Low
38,21.88167495,120,0,0,Medium
21,39.02986979,179,1,1,High
36,19.54891797,77,1,0,Medium
33,25.80848642,138,1,0,Medium
30,29.06994168,132,0,1,High
21,28.8521782,137,1,1,High
40,18.08711875,75,1,0,Medium
34,29.02558009,188,1,0,Medium
40,26.44299408,126,0,0,Medium
18,39.38574538,100,0,0,Medium
35,21.50149985,75,1,0,Medium
37,25.79139233,136,0,0,Medium
34,27.22859267,143,1,1,High
44,26.59525782,183,1,0,High
44,32.64827821,166,0,0,High
32,22.74128287,149,0,0,Medium
28,22.86357416,192,0,0,Medium
42,34.04264087,102,1,0,High
39,29.00639141,113,1,0,Medium
30,27.13342487,82,0,0,Low
18,21.72246714,126,0,0,Medium
34,22.1255989,165,0,0,Medium
23,18.23213601,178,1,0,Medium
21,20.01137791,189,0,0,Medium
37,30.25045128,169,0,0,High
33,37.62120886,180,1,0,High
32,24.31762483,120,0,0,Low
44,25.21043897,90,0,0,Low
32,20.54332343,129,0,1,High
23,26.5498808,90,0,0,Low
32,18.8188775,176,0,0,Medium
31,38.18721532,195,1,0,High
28,32.80844966,142,1,0,High
24,39.79647381,145,1,0,High
26,37.42210958,147,1,0,High
43,28.40579306,134,0,1,High
33,29.43307069,155,0,0,Medium
22,22.19267302,103,0,0,Low
42,28.16486554,125,1,0,Medium
37,37.86661322,144,1,0,High
27,19.11877532,72,0,0,Low
35,36.99824967,75,0,0,Medium
20,25.50085164,75,0,1,Low
30,37.78928083,71,0,1,Medium
28,38.69935794,159,1,0,High
34,32.75902751,125,0,0,Medium
39,32.61732331,165,1,0,High
30,27.96059543,79,0,0,Low
23,36.38188494,156,1,1,High
34,39.15548069,139,1,0,High
44,35.05179961,182,1,0,High
30,31.68260814,99,0,0,Low
36,31.34944371,197,0,0,High
38,36.68833783,147,0,0,High
36,29.90648285,124,0,1,High
27,35.6849175,118,1,0,High
20,29.19547561,103,1,0,Medium
31,19.37377405,174,0,0,Medium
43,26.4468342,91,0,0,Low
36,27.77770107,100,0,0,Medium
22,21.11557939,174,1,0,Medium
22,20.25491924,85,1,0,Low
37,29.78022889,89,0,0,Low
34,19.87316,112,0,0,Low
38,24.66479369,116,1,0,Medium
27,34.38113347,183,1,0,High
22,39.21750795,88,0,1,Medium
21,33.79315277,117,1,0,High
23,39.83776207,114,1,0,High
43,33.36343537,156,0,1,High
21,24.46347835,84,0,0,Low
24,32.78515589,179,0,0,High
24,33.44744883,165,0,0,High
35,26.17799366,171,0,0,Medium
20,18.38970471,155,0,0,Medium
18,33.47039527,150,0,0,High
41,18.4774021,120,0,1,High
42,31.88613772,181,0,0,High
21,21.59956275,84,0,0,Low
23,30.44327761,134,1,0,High
26,29.08608656,157,1,0,Medium
39,18.29730013,145,0,0,Medium
31,25.98304797,79,0,0,Low
29,31.22400568,111,1,0,High
42,36.66934414,164,0,0,High
37,37.5501265,80,1,0,High
41,28.64469934,187,0,1,High
42,34.02529472,194,1,0,High
21,24.96200068,147,0,1,High
38,25.52810093,159,1,0,High
41,22.27819742,77,1,0,Medium
29,30.36285842,180,1,0,High
27,24.92041132,127,1,1,High
39,19.85615972,155,0,0,Medium
24,33.07013391,124,0,0,Medium
20,33.57057057,191,0,0,High
40,25.91983321,177,0,0,Medium
31,19.68791479,117,0,0,Low
41,27.37854978,198,1,0,High
27,27.73138008,116,1,1,High
33,32.71075947,74,0,0,Low
33,24.93916061,93,0,0,Low
39,33.01718416,87,0,0,Medium
27,37.17274792,153,1,0,High
42,23.22469293,74,0,0,Low
30,39.53623023,99,1,0,Medium
23,26.50009902,70,1,0,Low
29,23.87969107,155,1,1,High
26,27.27324602,151,0,0,Medium
30,20.07674447,138,0,0,Medium
21,20.76552994,100,1,0,Medium
41,27.11754903,160,1,0,High
28,34.77377948,162,1,1,High
37,37.80686927,196,0,0,High
35,32.6259958,85,1,1,High
43,20.31483022,123,0,0,Medium
28,32.78443477,89,1,0,Medium
42,31.97941426,151,1,0,High
38,35.7268062,178,1,0,High
21,36.15547067,182,1,0,High
35,37.10046767,86,0,1,High
18,27.11089332,195,1,0,Medium
44,33.3530167,72,1,0,High
24,23.9015079,86,0,0,Low
23,39.98539816,119,1,0,High
32,21.85735331,191,0,0,Medium
35,18.2225175,159,1,0,High
41,21.27379172,156,0,0,Medium
28,35.06919037,75,1,0,Medium
37,27.82924088,124,0,0,Medium
41,27.84500545,171,0,0,Medium
32,39.01050423,98,0,1,Medium
33,38.23196798,180,0,0,High
24,24.84628423,79,1,0,Low
38,22.59927883,160,0,0,Medium
27,36.66660862,98,1,1,High
43,37.93241956,114,1,1,High
29,29.9151323,120,1,1,High
41,31.84732164,170,1,0,High
31,23.65211426,197,0,0,Medium
42,35.61765914,80,0,1,High
22,31.90669343,151,0,0,High
43,29.07729725,197,0,0,Medium
38,19.32238823,75,1,1,High
35,38.15056918,136,0,0,High
22,31.53993125,131,1,0,High
20,22.23920408,97,0,0,Low
40,31.34049457,107,1,0,High
43,32.90419379,112,0,0,High
22,29.56694741,186,0,0,Medium
41,33.79823824,115,1,0,High
34,30.79198685,118,0,0,Medium
36,38.8509308,108,1,0,High
36,19.18133573,140,0,0,Medium
42,20.33740559,196,0,0,Medium
38,21.82077601,70,1,0,Medium
29,33.18376355,138,0,0,High
42,32.2031092,99,1,0,High
26,37.62529492,184,0,1,High
18,34.12330396,77,1,0,Medium
35,29.18382073,182,0,0,Medium
38,39.82029943,88,0,0,Medium
21,23.85437504,128,0,0,Medium
27,36.33021652,148,0,1,High
42,27.38938819,105,0,1,High
24,32.27217306,124,1,0,High
39,33.99990635,113,1,0,High
40,31.94258992,146,0,0,High
18,21.09116067,147,0,0,Medium
34,27.74492224,170,0,0,Medium
41,30.35164431,99,0,0,Medium
19,36.6789627,108,0,0,Medium
43,27.76020647,82,0,0,Low
28,38.21244071,191,1,0,High
26,27.68823291,181,1,0,Medium
24,30.0731569,114,0,0,Medium
39,35.51828502,188,0,0,High
34,30.82748906,104,1,1,High
34,39.12479759,76,0,0,Low
19,32.52738827,179,1,0,High
23,29.49960799,183,1,1,High
31,18.51902329,120,0,1,Medium
23,27.10212375,115,0,0,Low
19,24.58346522,89,1,0,Low
18,34.45832469,165,1,0,High
27,22.58210885,107,0,0,Low
38,22.51484192,173,1,1,High
22,22.16941895,101,0,0,Low
19,20.76354349,127,0,0,Medium
39,24.84215408,151,1,0,High
33,37.49028652,119,1,0,High
42,35.04842639,121,1,0,High
19,34.17552676,155,1,0,High
27,35.54140972,184,0,0,High
19,23.92719357,122,0,0,Low
33,37.5237172,135,0,0,High
33,21.02067425,186,0,0,Medium
36,25.39960599,112,1,0,Medium
24,30.90845862,151,0,0,High
39,20.26391194,133,1,0,High
29,34.06286413,182,1,0,High
41,26.51941306,123,0,1,High
32,35.25692464,134,0,0,High
25,28.84371828,71,1,1,Medium
23,21.97923954,147,1,0,Medium
44,34.16475985,101,1,0,High
27,23.54716703,169,0,0,Medium
20,28.79782663,199,0,0,Medium
36,19.66173192,173,0,1,High
34,31.5930664,158,0,0,High
24,32.64887086,118,1,0,High
38,26.33083262,156,1,0,High
37,38.99730117,77,0,1,High
43,37.23171627,170,0,0,High
21,33.57470015,85,0,0,Low
31,33.70034564,109,1,0,High
37,23.55283773,175,0,0,Medium
39,32.44993508,96,1,0,High
32,22.36053784,173,0,0,Medium
41,21.16807093,174,1,1,High
25,39.98829367,104,0,1,High
38,31.69227049,182,0,0,High
32,27.4817332,121,1,0,Medium
39,24.3396195,122,0,0,Medium
37,31.28624976,160,0,0,High
31,19.09105718,150,0,0,Medium
44,20.08298179,173,0,1,High
26,18.72284735,135,0,1,High
25,28.98173633,182,1,0,Medium
43,31.21334584,100,1,1,High
43,19.37455475,130,0,1,High
34,33.86693828,170,0,0,High
19,23.06869157,174,0,0,Medium
42,33.07443198,167,0,0,High
41,39.60173708,103,0,0,High
20,33.20432914,128,1,0,High
25,37.43024716,72,0,0,Low
29,38.86036715,86,0,0,Low
18,28.70852306,147,1,0,Medium
27,33.45114955,115,1,0,High
37,36.74332358,104,1,0,High
20,25.84539608,198,1,1,High
23,23.75074096,181,1,0,Medium
24,38.8251686,130,0,0,High
37,33.97867701,166,0,1,High
40,22.83300693,159,0,1,High
42,27.87983464,128,1,0,High
44,35.52193893,87,1,1,High
35,30.0353858,164,0,0,High
28,32.29894616,85,1,0,Medium
36,34.58290044,79,1,0,High
22,31.68420215,173,1,0,High
36,29.88174508,145,1,0,High
28,34.49151426,85,1,0,Medium
41,34.00638678,81,0,0,Medium
29,31.8571928,144,0,0,High
27,25.91536709,198,0,0,Medium
25,26.92786603,96,0,0,Low
41,39.34964808,81,0,0,Medium
26,20.47249051,99,1,0,Low
21,23.90710818,78,1,0,Low
22,28.8328387,122,1,0,Medium
38,36.4080531,123,0,0,High
25,21.6008646,118,0,0,Low
40,24.0930016,73,0,1,Medium
26,19.44756079,148,0,1,High
32,33.53167585,160,0,1,High
32,23.24060758,148,0,0,Medium
33,26.55084451,172,0,0,Medium
31,27.76143183,180,1,0,Medium
25,37.60890658,127,0,1,High
35,27.04926639,151,1,0,High
27,21.19495044,91,0,0,Low
37,29.53492864,148,1,0,High
23,39.18507588,168,0,0,High
29,31.3690841,107,0,0,Medium
19,39.63451885,186,0,0,High
24,36.5043608,95,1,1,High
33,18.79124664,119,0,0,Low
20,32.4847911,107,0,0,Medium
30,24.30887131,111,1,0,Medium
20,30.31157082,106,0,0,Medium
44,24.1455942,118,0,0,Medium
35,25.67514917,115,0,0,Medium
28,38.30971166,98,1,0,Medium
25,22.54615007,81,0,0,Low
23,37.2304006,185,0,0,High
18,18.67007178,151,0,0,Medium
18,19.99928384,113,0,0,Low
40,36.80285091,71,1,1,High
25,31.87223268,86,0,0,Low
22,34.43919504,87,0,0,Low
33,22.60718876,91,0,0,Low
28,29.81583602,152,0,0,Medium
22,34.21882292,127,0,0,High
21,31.80091101,122,0,0,Medium
23,28.37737287,70,0,0,Low
31,39.1152433,130,1,1,High
39,32.87546134,100,0,0,High
36,37.97051761,135,0,0,High
26,34.05495125,122,0,0,Medium
29,34.18019763,164,0,0,High
28,19.76040193,92,1,0,Low
31,25.90822168,156,0,0,Medium
40,36.88412695,194,0,1,High
33,23.11728497,178,1,0,Medium
18,20.54112906,109,0,0,Low
30,25.17433325,190,0,0,Medium
40,22.84963347,108,0,0,Medium
38,38.35634029,189,0,0,High
38,37.09526612,87,1,1,High
30,28.99303107,106,0,1,Medium
19,19.34956524,74,0,1,Low
21,33.72037161,142,0,0,High
23,31.71505809,110,0,0,Medium
43,39.35220276,79,1,0,High
44,30.29697129,137,0,1,High
40,25.40066191,93,1,0,Medium
44,29.41847726,147,0,0,Medium
22,39.54379241,178,1,0,High
42,33.31997352,93,0,0,Medium
20,32.78347503,76,0,0,Low
18,23.29499497,142,1,0,Medium
21,34.35925539,176,1,1,High
42,34.50598025,168,0,1,High
37,24.98035764,191,0,0,Medium
19,28.64170431,81,0,1,Low
43,24.48127332,154,1,0,High
22,23.69151155,72,0,1,Low
20,18.56971355,148,1,0,Medium
26,24.27465838,154,1,0,Medium
37,30.1873389,79,1,0,High
23,18.03522613,102,0,0,Low
35,24.23081984,115,0,0,Medium
23,37.39102731,128,1,0,High
36,31.06026887,121,1,1,High
29,31.37298213,75,1,0,Medium
42,26.87401471,199,0,0,Medium
28,32.88238716,98,1,0,Medium
19,22.17852086,188,0,0,Medium
32,36.01242983,166,0,0,High
29,20.56716064,137,1,0,Medium
29,32.4320298,129,0,0,High
26,25.50528517,193,1,0,Medium
38,34.44528535,153,0,0,High
41,30.09482013,110,0,0,High
19,27.95176685,182,0,0,Medium
39,21.72729285,134,0,0,Medium
20,32.01007221,148,0,1,High
29,39.44493656,132,1,1,High
43,36.16327535,187,1,0,High
33,19.32018024,106,0,0,Low
38,26.27704632,133,0,0,Medium
41,38.3628262,155,1,0,High
43,29.06696245,103,1,0,Medium
18,32.56646017,108,1,1,High
38,38.0771856,136,1,0,High
20,37.22348319,131,0,0,High
37,29.04004826,157,0,0,Medium
19,27.62821866,178,0,0,Medium
26,25.47323761,158,0,0,Medium
36,33.81842775,136,1,0,High
32,24.31370959,148,0,0,Medium
35,23.49752734,98,1,0,Medium
43,25.83749768,143,1,1,High
28,21.89873125,101,1,0,Medium
42,33.29263595,156,1,1,High
40,31.55729429,108,0,0,High
33,28.62332775,170,1,1,High
39,26.58716714,137,0,0,Medium
34,37.99937594,97,0,0,Low
22,18.64072327,83,1,1,Medium
29,34.92037036,146,0,0,High
28,37.84201058,185,1,0,High
32,27.81980075,97,1,0,Low
44,30.11519081,158,1,0,High
20,38.77820113,101,0,0,Medium
18,22.67010534,164,1,0,Medium
37,29.44296665,86,0,0,Low
33,28.4438648,186,1,0,Medium
19,23.68463825,146,0,0,Medium
19,36.00905107,124,1,0,High
20,37.79121308,79,0,0,Low
25,35.20251676,149,0,1,High
41,22.29789714,185,0,0,Medium
32,19.90846998,148,0,0,Medium
24,31.31977868,129,1,0,High
23,19.25608473,111,0,0,Low
26,32.80216955,185,0,0,High
37,29.66933285,178,0,0,Medium
18,32.58128612,140,0,0,High
25,30.98375702,171,0,1,High
40,27.29945653,82,1,0,Medium
40,22.41929796,84,0,0,Low
20,24.72544699,105,0,0,Low
21,29.53901263,84,0,0,Low
43,32.34109806,186,0,0,High
42,35.14862637,144,0,0,High
32,34.87775581,125,0,0,Medium
23,39.39915235,164,1,0,High
32,24.28851187,121,0,0,Low
38,19.56443558,153,0,0,Medium
20,25.60445258,98,0,1,Low
42,34.35247845,122,1,1,High
38,27.63845632,90,1,0,Medium
38,35.99134547,181,0,0,High
31,30.08518003,145,1,0,High
37,38.4554179,99,0,0,Medium
31,38.85299572,194,0,0,High
21,19.52469913,120,0,0,Low
29,28.04109567,147,0,0,Medium
34,31.41315935,91,0,1,Medium
24,23.6291959,133,0,0,Medium
26,26.95568915,90,0,0,Low
20,32.9089939,198,0,0,High
30,22.98815299,176,0,1,High
32,31.24358977,185,0,0,High
35,33.34385222,193,1,1,High
36,19.99091884,105,0,0,Medium
18,28.94564495,116,1,0,Medium
23,23.78776066,101,1,1,High
44,33.93649983,123,0,0,High
44,22.17022119,92,0,1,Medium
40,37.62923414,71,0,0,Medium
44,27.4807094,179,0,1,High
44,22.35606667,193,0,0,Medium
19,27.63647952,136,0,0,Medium
41,26.99236278,140,0,0,Medium
31,27.43621711,98,1,0,Low
23,30.88234846,188,0,1,High
31,29.46582195,182,1,0,Medium
21,21.2950969,114,0,0,Low
38,19.4427396,85,1,0,Medium
25,34.04713987,100,0,0,Medium
20,30.31378359,119,0,0,Medium
36,25.8980169,191,1,0,High
31,35.78387209,84,1,0,Medium
44,26.53728643,118,0,1,High
37,35.51123197,79,0,0,Medium
34,24.72663481,89,1,1,Medium
42,19.60259655,139,1,0,High
25,38.51807326,77,0,0,Low
41,26.68012484,103,0,0,Medium
31,35.4392366,73,1,0,Medium
43,24.14117093,177,0,0,Medium
23,32.22003247,93,1,1,High
40,37.21283921,124,0,0,High
39,18.91616849,95,1,0,Medium
33,36.27398682,94,1,0,Medium
42,30.56932611,105,1,0,High
36,31.36437859,140,0,0,High
31,29.50947602,81,0,1,Low
36,37.23845227,198,0,0,High
20,18.95553386,185,1,1,High
27,23.74262461,152,1,0,Medium
36,37.26677585,75,0,0,Medium
26,34.55160546,95,1,0,Medium
37,18.38819352,182,1,1,High
30,29.37413823,172,0,0,Medium
24,29.65059898,189,0,0,Medium
31,26.81940697,78,1,1,Medium
26,24.54265331,114,0,0,Low
44,32.99794671,83,1,1,High
40,22.57139022,181,0,1,High
42,35.57686837,124,1,0,High
36,35.66681754,84,0,1,High
32,27.13575163,106,0,0,Low
37,24.23805624,196,0,0,Medium
31,24.24531999,186,0,0,Medium
41,28.61040913,153,0,0,Medium
23,33.83074294,141,0,0,High
38,25.8951112,165,1,0,High
21,31.4209536,180,1,0,High
25,26.41465813,174,0,0,Medium
34,24.69951016,127,1,0,Medium
26,18.54690935,164,0,0,Medium
18,18.08611033,187,1,1,High
41,22.99856891,75,1,0,Medium
37,26.94093831,73,0,0,Low
42,36.72774568,112,1,0,High
31,35.56665334,162,1,0,High
28,23.87763578,111,0,0,Low
38,23.37988975,72,1,0,Medium
20,23.00108556,198,1,0,Medium
26,25.46322149,84,0,0,Low
44,28.96037183,116,1,0,Medium
31,27.65069098,154,1,0,Medium
26,22.80201037,127,0,1,High
21,20.86993102,108,0,0,Low
44,18.27671187,104,0,0,Medium
21,21.38719125,121,1,0,Medium
25,33.51784014,187,1,0,High
19,23.36004853,83,0,1,Low
26,28.30923982,99,1,0,Low
31,31.00862528,159,1,0,High
39,37.51049986,164,1,0,High
26,37.55481216,138,0,0,High
41,34.40614214,196,0,0,High
40,18.77345383,121,1,1,High
33,30.65154922,132,0,0,High
34,35.30483636,105,1,0,High
33,18.38033698,160,1,0,Medium
29,30.0930615,122,0,0,Medium
20,36.87081121,178,1,0,High
28,28.43024567,141,0,0,Medium
31,18.09033646,84,0,0,Low
35,18.24229388,182,0,0,Medium
38,27.16599282,138,0,0,Medium
38,21.41019068,185,0,0,Medium
22,32.61791446,73,1,0,Medium
33,33.59358383,144,1,0,High
37,21.9133555,111,0,0,Medium
22,37.54773235,99,1,0,Medium
20,27.72197259,139,0,1,High
29,21.14260997,85,0,1,Low
18,34.81353516,180,1,1,High
38,35.379439,173,1,1,High
26,32.0645004,176,1,0,High
26,36.77624217,192,0,1,High
21,34.22220538,96,1,1,High
20,37.40852622,82,1,0,Medium
34,27.54553707,142,1,0,Medium
19,34.44713682,155,0,0,High
41,39.9945344,100,0,1,High
18,33.94848635,72,1,0,Medium
25,20.51204317,99,1,1,Medium
30,29.40301189,168,0,0,Medium
40,30.92165141,168,0,0,High
32,21.83263485,155,0,0,Medium
25,39.18361595,133,0,1,High
29,21.86275511,187,0,0,Medium
39,21.90627423,183,0,1,High
29,38.13367704,156,0,0,High
31,28.23451953,109,0,0,Low
32,19.39014214,94,0,0,Low
32,31.160125,164,0,0,High
26,31.24017967,115,0,0,Medium
36,19.41901669,101,1,0,Medium
43,39.3954949,166,0,0,High
37,29.96865924,85,1,0,Medium
39,30.31550589,87,0,1,High
25,29.44253912,144,1,0,Medium
38,31.43609915,70,0,0,Medium
36,23.81459456,194,0,0,Medium
23,24.31930966,107,0,1,Medium
37,29.24945998,114,1,1,High
42,35.7470888,150,0,0,High
36,19.09702068,198,0,1,High
21,31.27489267,101,0,1,High
40,35.74911914,187,1,0,High
24,21.45217998,109,0,0,Low
21,18.33049592,143,0,0,Medium
39,24.87969249,180,0,0,Medium
29,30.93916155,172,0,0,High
30,21.04222981,172,1,0,Medium
20,27.37469216,143,0,0,Medium
39,30.15107294,183,0,1,High
29,31.17542808,192,1,0,High
19,24.03705786,126,1,1,High
41,26.80065199,143,0,0,Medium
19,35.12346304,152,1,0,High
44,38.70672327,148,0,0,High
40,36.96136728,199,0,0,High
26,30.41423704,162,1,1,High
18,27.02644166,119,1,1,High
25,25.32504552,98,0,0,Low
40,20.74904445,150,0,1,High
23,20.34412744,79,0,0,Low
23,33.14386775,186,0,0,High
39,23.71547716,129,0,0,Medium
42,23.6025571,129,0,0,Medium
35,39.9602912,127,1,0,High
34,22.13437107,114,1,0,Medium
29,21.25731471,193,0,0,Medium
23,20.17107501,95,0,0,Low
43,30.75571759,171,0,0,High
44,31.81300417,120,0,1,High
25,26.03501438,121,0,0,Low
36,29.77909338,120,1,0,Medium
27,35.34478968,83,0,0,Low
18,35.9982917,70,1,0,Medium
42,39.07406567,83,1,0,High
30,36.13389569,150,0,0,High
34,30.42651161,72,0,1,Medium
20,21.95245325,167,1,1,High
25,20.19479827,109,1,0,Medium
31,19.19926158,158,1,0,Medium
20,32.6635683,194,0,0,High
33,35.76579762,164,0,0,High
30,29.19104692,78,0,0,Low
37,19.20371185,163,1,0,High
41,29.78035264,153,1,0,High
34,38.58648375,90,1,0,Medium
30,31.1474902,94,0,1,Medium
23,35.80740475,171,1,0,High
34,35.60335826,191,0,0,High
31,38.5068402,94,0,0,Low
34,34.94503284,172,0,0,High
25,34.44941131,126,1,0,High
28,23.15025863,106,1,1,High
37,19.31835342,85,0,0,Low
18,29.38718823,106,1,0,Medium
43,20.73755257,145,0,0,Medium
24,39.16830928,95,0,0,Low
38,24.37834478,89,0,0,Low
38,36.76477247,172,0,1,High
34,26.52774175,98,0,0,Low
27,25.1102735,100,0,0,Low
28,38.57348859,88,1,1,High
39,25.99309659,96,0,0,Low
26,26.58633399,163,1,0,Medium
26,20.33401915,154,0,0,Medium
41,32.74982664,113,1,0,High
22,24.35446712,182,1,1,High
34,30.88329169,143,1,0,High
26,31.00973749,156,0,1,High
34,33.8223933,163,1,0,High
41,34.3953127,167,0,1,High
38,29.31795356,125,1,0,Medium
36,25.28182285,166,0,1,High
44,36.42391969,167,0,1,High
24,24.81704429,103,0,0,Low
40,29.16520008,169,1,0,High
26,26.82755683,83,0,0,Low
24,36.81172449,181,1,1,High
30,27.50220769,144,1,0,Medium
28,26.49418215,166,1,0,Medium
31,33.17612124,190,0,1,High
36,31.25370442,124,1,0,High
28,20.35943034,186,0,0,Medium
30,29.17971374,162,0,1,High
31,34.18052454,106,1,0,High
30,39.82564482,95,1,0,Medium
18,31.84123035,136,1,0,High
25,26.14644746,153,0,0,Medium
29,22.9753352,87,0,0,Low
36,37.20226515,96,0,0,Medium
29,35.92043467,100,0,0,Medium
25,23.14630206,175,0,0,Medium
25,22.41390598,198,0,0,Medium
38,33.73300909,75,1,0,High
30,24.92894536,80,1,0,Low
29,24.74077356,87,1,0,Low
33,21.35038544,90,1,0,Low
18,23.80746143,88,0,0,Low
30,27.40516627,73,0,1,Low
43,34.12244342,146,1,0,High
24,25.39877808,185,0,0,Medium
43,25.22929547,94,0,1,Medium
22,24.26809156,146,0,1,High
25,28.52224069,118,0,0,Low
42,21.97400735,134,1,1,High
44,28.68387615,152,1,0,High
31,33.49186224,70,1,0,Medium
40,18.65539109,150,0,0,Medium
30,18.21514637,90,0,0,Low
32,19.65270402,155,1,0,Medium
40,29.78452136,84,0,0,Low
34,36.79801183,119,0,0,Medium
32,18.10745825,117,1,0,Medium
37,38.6065487,118,1,0,High
35,20.33812725,177,1,0,High
35,36.52363762,114,0,0,High
19,28.62280483,101,0,1,Medium
21,32.50586252,166,1,0,High
18,29.23502566,149,0,0,Medium
21,28.49506095,123,1,0,Medium
35,36.36778742,196,0,0,High
22,34.62950035,135,1,0,High
36,28.6348492,178,1,0,High
32,20.45599045,92,0,0,Low
25,20.5388651,176,0,0,Medium
37,35.63386814,120,1,0,High
34,29.64659367,141,1,0,Medium
18,28.59496108,172,0,1,High
29,32.97247051,149,1,0,High
43,36.89451484,87,0,0,Medium
36,31.83520918,150,0,0,High
32,34.78265385,176,0,1,High
26,34.83595153,138,1,0,High
24,25.83775187,149,0,0,Medium
19,24.0298303,111,0,0,Low
26,35.62560948,103,1,0,High
27,26.29793342,117,0,1,Medium
19,37.87339214,74,0,1,Medium
36,19.53319533,185,0,0,Medium
28,19.28078527,186,1,0,Medium
30,38.39409152,177,0,0,High
27,32.26600811,92,1,0,Medium
31,26.35118584,131,1,1,High
35,34.61132913,82,1,0,High
36,32.79118982,89,1,0,High
39,29.68642303,161,0,0,Medium
26,20.17521354,177,0,0,Medium
42,35.86795092,177,1,1,High
24,37.05251019,102,1,0,High
20,21.78771115,133,0,0,Medium
37,36.71125634,99,0,0,Medium
23,37.31264084,177,0,0,High
44,30.08742947,142,0,1,High
38,32.4359388,178,0,1,High
19,26.40922104,169,0,1,High
23,24.19941625,83,0,0,Low
20,33.88362923,88,0,0,Low
33,36.96125328,140,0,0,High
25,32.38970617,128,1,0,High
19,29.25499343,166,1,0,Medium
34,21.49634487,113,1,0,Medium
26,19.17609168,180,0,0,Medium
29,27.80521939,80,0,0,Low
20,19.0856904,175,1,0,Medium
28,30.5253619,71,1,1,High
18,26.42004221,194,0,1,High
40,34.65816063,163,0,0,High
30,24.72426693,162,0,0,Medium
32,31.04561942,73,0,1,Medium
43,29.82903748,132,0,0,Medium
22,18.10367336,98,1,0,Low
38,19.59256676,88,0,0,Low
34,24.38810067,160,1,0,Medium
42,37.40917178,98,1,0,High
40,21.23432901,185,1,1,High
41,33.63967527,139,1,0,High
42,39.41406446,192,1,0,High
23,35.39248616,92,0,0,Low
38,23.34479796,115,1,0,Medium
39,37.98403573,77,1,0,High
28,20.04835744,135,0,0,Medium
35,28.29912272,169,1,0,High
21,37.52592197,130,1,0,High
20,32.1078456,181,1,0,High
30,27.10018042,121,0,0,Low
40,24.44188307,105,0,0,Medium
26,26.25218692,181,0,0,Medium
38,29.19671918,156,0,0,Medium
23,25.01896646,154,0,0,Medium
43,39.31729297,82,0,1,High
29,38.52770837,116,1,1,High
19,37.1547723,159,0,0,High
20,27.28025638,91,0,0,Low
20,33.20863893,127,0,0,High
29,37.86224475,99,0,0,Low
32,36.70944873,175,0,0,High
26,27.11519431,143,0,0,Medium
40,20.47249309,163,0,0,Medium
25,19.663868,140,0,0,Medium
28,30.69540899,76,0,0,Low
33,32.13781457,134,0,0,High
43,36.6965373,115,0,0,High
44,24.43533045,87,0,0,Low
42,21.68435079,77,0,0,Low
39,26.33812833,143,1,1,High
21,25.77865272,171,1,0,Medium
18,20.91431699,148,0,1,High
41,32.79021836,148,0,0,High
24,29.1912227,190,1,0,Medium
19,33.86470063,132,0,0,High
41,25.75920464,109,1,0,Medium
22,25.16544865,153,1,0,Medium
24,28.39666877,84,1,1,Medium
21,37.3029616,168,1,0,High
22,18.88618875,190,1,0,Medium
41,35.70632198,132,1,0,High
18,26.11772748,197,1,1,High
18,36.80161857,181,1,0,High
32,35.64846619,180,1,0,High
37,25.67274744,101,0,0,Medium
36,33.26528378,114,0,0,High
27,21.51192065,191,1,0,Medium
35,37.71819415,151,0,0,High
20,26.89880342,82,1,0,Low
28,28.02376354,93,1,0,Low
32,33.52669912,83,1,0,Medium
44,36.05848521,139,1,1,High
28,23.19954035,131,1,0,Medium
34,32.54970308,189,0,0,High
34,26.62395697,158,1,0,Medium
23,26.11146433,70,0,0,Low
22,33.18056813,195,0,0,High
25,26.51803203,101,0,0,Low
19,25.614387,101,0,0,Low
33,36.38954498,125,0,1,High
37,20.22807472,160,0,0,Medium
41,32.8696377,73,1,1,High
29,23.47195866,92,1,0,Low
23,18.34096132,98,0,0,Low
18,21.66881392,167,0,0,Medium
21,31.34655366,99,1,0,Medium
34,33.60079821,159,1,0,High
30,18.46327124,136,1,0,Medium
35,18.80135975,170,0,0,Medium
22,37.85592653,127,1,0,High
41,19.612728,94,0,0,Low
41,37.67200749,92,1,0,High
44,23.0196501,198,0,0,Medium
20,34.2803916,166,0,0,High
28,24.81413148,197,0,1,High
30,36.89254456,150,0,0,High
21,33.41000704,73,0,0,Low
43,26.83989609,115,1,0,Medium
44,19.67865399,78,1,1,High
31,34.11940405,102,0,0,Medium
39,31.57146463,153,0,0,High
28,18.06405779,134,0,0,Medium
44,18.20723683,175,1,0,High
27,35.79344541,103,0,0,Medium
36,23.70679425,154,0,1,High
35,31.99494069,157,0,0,High
23,27.99271723,124,1,1,High
44,36.99546032,86,0,0,Medium
32,38.17314449,73,0,1,Medium
38,39.92976968,76,1,1,High
27,21.38105099,95,1,0,Low
22,36.98520902,93,1,0,Medium
43,23.85247029,79,0,0,Low
22,30.99794925,82,0,0,Low
27,29.12700235,194,1,0,Medium
22,18.39573889,108,1,0,Medium
20,38.52096816,88,0,0,Low
40,19.72319521,145,0,0,Medium
23,33.14081623,121,0,1,High
21,35.2701504,189,0,0,High
35,35.49633268,115,1,0,High
26,20.98087942,144,1,0,Medium
34,27.84653891,193,0,0,Medium
30,36.24743515,117,0,0,Medium
44,24.65894263,131,1,0,High
32,28.29047086,127,0,0,Medium
37,24.00146564,87,1,0,Medium
34,28.19813119,177,1,0,Medium
30,37.5324343,117,1,1,High
33,28.01273308,132,0,0,Medium
39,30.23006438,81,0,0,Medium
21,26.88747823,103,0,0,Low
22,28.12257803,171,0,0,Medium
22,18.33383238,156,0,1,High
26,24.24240122,94,1,0,Low
34,27.60479788,118,1,0,Medium
30,31.94353347,147,1,0,High
19,27.90114247,124,0,1,Medium
30,25.43197495,87,1,0,Low
39,26.53817218,104,1,0,Medium
38,23.33045324,76,0,0,Low
44,38.33887422,82,1,0,High
40,29.47835097,195,0,0,Medium
36,18.29500799,181,0,1,High
20,18.42781769,138,0,0,Medium
27,39.40515597,169,1,0,High
19,22.87191961,159,1,0,Medium
30,35.72338235,111,0,1,High
36,19.28205663,178,0,0,Medium
43,38.26558021,179,0,0,High
34,37.23717408,95,0,0,Low
38,30.56404957,145,0,0,High
31,18.19797046,101,0,0,Low
29,23.67183923,160,0,0,Medium
38,26.95009824,194,1,0,High
29,28.12141057,195,0,1,High
28,24.54893269,121,1,0,Medium
24,18.7248531,172,0,1,High
21,30.98280293,174,0,0,High
36,29.53140269,83,0,0,Low
18,24.22601398,173,0,0,Medium
41,18.83547129,186,0,0,Medium
20,39.88107212,117,1,1,High
30,28.60369611,162,1,0,Medium
32,34.63209332,179,0,0,High
19,27.95090877,122,0,0,Low
28,18.9497464,72,1,0,Low
21,24.81121639,137,0,1,High
36,25.0424231,121,1,0,Medium
34,36.44376389,165,1,1,High
20,32.39305952,100,1,0,High
35,24.05945788,135,0,0,Medium
25,39.290279,160,0,1,High
39,25.07392031,138,0,0,Medium
42,39.96114857,156,1,0,High
41,39.91560125,102,1,1,High
43,22.20663139,137,1,0,High
36,24.88030456,157,1,0,High
22,28.69297237,164,1,0,Medium
24,32.61021477,177,1,0,High
38,29.61704388,122,1,1,High
25,39.32771232,143,1,1,High
22,33.92776161,118,0,0,Medium
34,22.66498669,182,0,0,Medium
22,20.3121461,183,1,1,High
21,33.1448284,164,0,0,High
39,21.48595368,94,0,0,Low
36,35.32889049,177,1,0,High
44,24.84280668,138,1,1,High
38,25.19165179,153,1,1,High
19,18.23756463,154,0,0,Medium
28,33.42224788,188,1,1,High
39,20.49193457,141,0,0,Medium
30,35.0033727,89,1,0,Medium
32,28.82109208,96,0,1,Low
29,35.25415593,77,1,0,Medium
39,30.84638386,154,1,0,High
38,19.81353198,130,0,0,Medium
39,34.84435141,72,1,0,High
28,19.53558867,76,1,0,Low
24,28.53143785,73,0,0,Low
22,21.79168271,194,0,1,High
34,34.55137392,84,0,1,Medium
41,38.05500701,82,0,0,Medium
37,30.19077559,187,1,0,High
26,29.59724047,76,1,0,Low
31,34.80719032,173,0,0,High
43,18.11173389,75,0,0,Low
29,38.19069014,133,0,0,High
23,22.34387398,99,0,0,Low
34,39.65061544,91,0,0,Low
36,34.19758686,187,0,0,High
36,35.03352525,153,0,0,High
43,32.43646557,159,1,0,High
33,28.37659002,190,1,0,Medium
29,30.57580925,175,0,0,High
29,19.02086349,138,1,0,Medium
37,31.72710921,164,1,0,High
23,31.77415824,146,1,0,High
40,37.60641754,70,0,0,Medium
43,29.12443986,131,1,0,High
21,19.69717623,87,1,0,Low
23,24.73631025,117,0,0,Low
28,32.42384707,70,0,1,Medium
18,23.26369498,176,1,0,Medium
41,24.17161208,199,1,0,High
40,36.05031836,107,1,1,High
32,30.8550341,109,1,0,High
44,29.1876035,151,1,0,High
28,25.00594327,85,0,0,Low
42,34.08041679,196,0,0,High
36,24.32980556,186,1,0,High
35,34.21539739,162,0,0,High
34,19.54223257,72,0,0,Low
36,37.01990951,83,1,1,High
38,28.99046219,135,1,0,High
31,27.64717637,164,0,0,Medium
44,31.44251505,155,0,0,High
35,31.7322256,183,0,0,High
36,20.90477389,198,0,1,High
32,34.63713898,84,1,0,Medium
32,24.07042255,106,0,0,Low
21,37.90916136,96,1,0,Medium
24,35.9927146,81,1,0,Medium
30,25.61785291,136,1,0,Medium
20,35.77026445,99,0,1,Medium
33,25.84059098,165,0,0,Medium
26,20.220849,103,0,0,Low
25,39.16154125,101,0,0,Medium
37,32.35724433,186,1,1,High
30,28.03418959,108,0,1,Medium
34,26.75101373,165,1,0,Medium
34,25.14351735,112,0,0,Low
34,39.5918471,150,0,0,High
18,20.96443983,72,1,0,Low
25,24.9257113,143,0,0,Medium
36,28.68094809,186,0,0,Medium
23,28.51598999,132,0,0,Medium
20,28.37006266,180,0,0,Medium
44,21.86724395,109,1,0,Medium
22,21.1885156,87,0,0,Low
30,23.6048869,136,0,0,Medium
32,38.11957538,172,0,0,High
31,20.48716529,115,1,0,Medium
40,34.66335227,124,0,1,High
33,34.66606465,144,0,0,High
35,35.81494889,166,0,1,High
39,37.50554076,95,0,0,Medium
39,23.78679591,91,0,0,Low
28,22.94030832,95,0,1,Low
20,28.24112466,142,0,0,Medium
39,23.83196171,184,0,0,Medium
27,34.15481976,120,0,0,Medium
27,31.99067069,182,1,1,High
38,37.24972914,81,1,0,High
33,19.82024268,72,0,0,Low
29,38.13183333,189,0,0,High
19,24.45366979,151,1,0,Medium
26,28.79527561,114,1,0,Medium
41,27.64945159,196,0,0,Medium
20,34.72685632,155,1,0,High
41,27.24733281,184,0,0,Medium
42,38.7581692,78,0,0,Medium
32,37.85574542,81,1,1,High
20,37.18754534,185,1,1,High
36,19.56768332,157,1,0,High
35,36.79367735,131,0,0,High
25,35.1959798,173,0,1,High
43,20.27728483,142,1,0,High
34,20.36311516,146,0,0,Medium
25,20.22560385,109,0,1,Medium
24,18.24931705,86,0,0,Low
24,30.06995471,188,0,0,High
20,39.41467441,195,0,0,High
18,27.65106346,93,1,1,Medium
21,29.89666504,71,1,0,Low
42,39.29533553,161,0,1,High
22,23.61400903,186,1,0,Medium
18,36.88634556,122,0,0,Medium
32,30.02059028,115,1,0,High
22,30.52848332,114,0,0,Medium
30,25.54982486,78,1,0,Low
25,30.35485594,75,1,0,Medium
25,19.60913521,120,0,1,Medium
22,34.8221586,188,0,0,High
26,24.26313075,104,1,0,Medium
18,37.52738325,151,0,0,High
21,26.09271528,94,1,0,Low
20,21.14213043,86,1,0,Low
19,33.30939464,105,0,0,Medium
25,21.62071918,165,1,1,High
40,34.58097134,90,1,0,High
26,39.2984692,87,1,0,Medium
19,35.15016311,70,0,0,Low
31,18.49388347,120,0,0,Low
31,31.19748734,148,0,0,High
21,33.29903476,105,1,0,High
23,36.16008317,131,1,1,High
28,19.2320508,198,1,0,Medium
20,28.56237221,154,0,0,Medium
25,29.7781592,111,0,0,Low
20,21.72074698,70,1,0,Low
31,25.09389581,123,1,0,Medium
30,27.68487798,169,1,0,Medium
30,36.33061314,108,1,0,High
19,38.44696645,76,1,0,Medium
30,31.82530224,190,1,0,High
36,26.68879409,114,1,1,High
44,23.58868239,143,0,0,Medium
23,39.60697406,189,1,1,High
33,39.62643996,141,1,1,High
19,38.34949286,115,0,1,High
25,35.2847213,192,0,1,High
34,25.16714996,187,0,0,Medium
40,35.97401064,144,0,1,High
19,26.99344638,75,0,1,Low
27,25.18900816,90,0,1,Low
33,34.38703789,172,0,0,High
23,19.75238641,157,0,1,High
19,19.06837991,168,1,0,Medium
19,27.85498134,131,0,0,Medium
43,27.80405362,176,0,0,Medium
30,37.70417137,152,0,0,High
41,20.77536812,125,0,1,High
32,20.7122464,91,0,0,Low
19,21.24395721,137,1,0,Medium
24,18.65419775,79,1,1,Medium
20,19.57809823,135,0,0,Medium
25,32.51713707,77,1,0,Medium
40,27.49485524,192,0,0,Medium
31,34.79926748,107,1,0,High
41,39.83714981,192,1,0,High
40,32.49876298,131,0,0,High
44,19.11002255,114,1,0,Medium
39,20.30038302,134,1,0,High
24,37.38208987,136,1,1,High
38,29.60491078,175,1,0,High
24,36.14641751,151,1,0,High
18,36.8454714,127,0,0,High
34,38.40883991,138,1,1,High
26,38.89624252,158,1,1,High
38,30.20616752,133,1,0,High
30,25.50244379,141,1,0,Medium
38,39.16102724,86,0,0,Medium
36,30.04294093,142,0,0,High
38,19.41355991,139,0,0,Medium
36,32.1410841,182,0,0,High
42,30.92906451,90,0,0,Medium
42,37.7074432,76,1,1,High
39,32.37011816,180,1,0,High
34,25.67915334,96,1,1,Medium
40,39.25696597,77,0,0,Medium
40,35.63562869,97,1,0,High
27,31.8691876,116,1,0,High
27,24.44435447,155,1,0,Medium
21,26.21788652,79,0,0,Low
25,32.73933833,183,0,0,High
39,19.58357801,102,1,0,Medium
37,23.64697302,83,0,0,Low
37,33.70582053,115,1,0,High
35,28.56040722,130,1,0,High
31,26.85265843,82,1,1,Medium
35,21.33206769,85,1,0,Medium
31,27.72067876,107,1,0,Medium
37,34.95522336,107,1,0,High
38,23.80828261,172,0,0,Medium
41,18.11876793,125,0,0,Medium
32,32.70710783,132,0,0,High
39,39.3977853,189,0,0,High
21,31.3501844,117,0,0,Medium
30,20.6382809,174,0,0,Medium
44,25.05612803,128,1,0,High
40,37.08811552,146,0,0,High
25,23.11649763,196,0,0,Medium
35,31.36930988,124,1,1,High
29,26.85876658,124,1,0,Medium
40,22.57256187,198,1,1,High
31,35.89495166,196,1,0,High
19,34.34228808,154,0,0,High
35,32.55500345,184,0,0,High
41,23.19940499,127,0,1,High
19,20.15285406,106,0,0,Low
28,30.67550526,118,0,0,Medium
26,30.18091234,136,1,0,High
29,22.14447021,88,0,1,Low
34,19.23742727,198,0,0,Medium
32,19.77558599,98,0,0,Low
42,39.8409617,156,1,0,High
34,35.23884568,102,0,0,Medium
43,38.28372447,188,0,0,High
43,22.29120389,140,0,0,Medium
35,39.1325078,91,0,0,Medium
39,21.13839573,146,0,0,Medium
23,29.19980023,73,0,0,Low
34,36.25330506,141,0,0,High
40,25.6956738,197,1,0,High
41,27.34622773,114,0,0,Medium
35,20.82007243,162,1,0,High
25,20.70428136,74,0,0,Low
26,31.63050095,173,0,1,High
23,32.86171211,150,0,0,High
22,35.10131531,156,0,0,High
29,30.24700516,199,0,0,High
42,32.20670443,132,0,0,High
28,18.29737998,120,1,0,Medium
42,21.567756,185,1,0,High
18,39.66812485,182,1,0,High
28,19.67185714,100,0,0,Low
36,32.93334089,76,1,0,High
26,21.87381793,72,0,0,Low
44,33.76780889,120,1,1,High
19,33.53178887,125,0,1,High
29,23.15237932,142,0,0,Medium
21,23.93195678,79,1,0,Low
21,32.4049557,130,1,0,High
35,26.58189285,119,0,1,High
32,22.28005533,191,0,0,Medium
36,34.09695117,70,0,0,Medium
30,21.39124554,107,1,0,Medium
36,36.82416061,148,0,0,High
34,29.32272953,158,1,0,Medium
23,20.32541329,151,0,0,Medium
33,33.26959134,136,0,1,High
41,29.42158687,86,1,0,Medium
29,24.55726658,196,0,0,Medium
36,27.29586636,181,0,0,Medium
22,24.56343036,129,0,0,Medium
34,23.78656839,109,1,0,Medium
43,21.59938526,158,1,0,High
40,25.98087693,110,1,1,High
43,23.52171854,184,1,0,High
18,33.03555872,169,1,0,High
44,33.04528831,186,0,1,High
42,29.04048534,158,0,1,High
41,35.1147796,162,1,0,High
40,36.50947382,129,1,0,High
27,30.75486206,137,0,1,High
32,31.61657358,147,0,0,High
40,24.22349002,115,0,1,High
38,37.68712242,107,0,0,High
38,18.53253298,86,0,0,Low
28,25.66925433,135,1,0,Medium
30,33.87960927,105,0,0,Medium
22,19.76196921,143,1,1,High
18,22.0297296,76,1,1,Medium
41,30.96428601,85,1,0,High
29,30.31986077,83,0,1,Medium
28,34.25642251,149,0,0,High
34,35.87747806,94,0,0,Low
21,20.82875073,174,0,0,Medium
32,18.40438178,73,0,0,Low
42,33.17204743,196,1,0,High
26,24.63061951,125,0,0,Low
38,31.77164611,75,1,0,High
37,21.31198094,198,1,0,High
36,28.31888103,198,1,0,High
36,29.09734441,184,1,1,High
29,30.87171196,126,0,0,High
22,29.28974036,134,1,0,Medium
27,28.90519695,134,0,0,Medium
34,25.32015139,172,1,0,Medium
22,19.5659652,90,0,0,Low
39,19.96944433,102,0,0,Medium
33,27.54312204,91,0,1,Low
24,25.82744881,179,0,0,Medium
26,29.3549657,73,0,0,Low
20,24.70643972,143,0,1,High
32,33.13402201,188,1,0,High
33,37.00700608,162,0,0,High
35,24.57499015,134,0,1,High
31,22.24564817,134,0,1,High
20,20.55597263,79,0,0,Low
29,31.55758889,116,0,0,Medium
26,27.76483181,135,1,1,High
24,22.13634578,118,0,0,Low
26,32.36900813,91,0,0,Low
30,21.26663003,155,0,0,Medium
35,30.19461553,95,0,0,Medium
22,29.5972644,164,0,1,High
30,34.15301163,176,1,0,High
21,19.21241208,83,0,1,Low
19,37.5332045,140,0,1,High
33,33.46581798,144,1,1,High
26,22.75477196,189,0,0,Medium
26,22.03491767,181,1,1,High
23,27.49652471,120,0,0,Low
28,35.98643725,199,0,0,High
39,36.54489985,105,1,1,High
41,29.45003403,187,0,0,Medium
39,36.93783898,73,1,0,High
18,18.1197616,75,0,0,Low
21,18.77384189,179,1,0,Medium
30,38.06007506,168,1,0,High
40,35.05730246,191,1,0,High
30,27.91553328,186,1,0,Medium
30,34.57942289,165,1,1,High
19,39.02406816,136,0,0,High
26,34.98596953,189,0,0,High
41,36.53216934,84,0,0,Medium
25,34.73334479,86,0,0,Low
24,21.70064403,87,1,0,Low
21,36.33863041,184,0,0,High
35,22.29239404,145,0,1,High
20,37.63744922,157,1,0,High
23,28.09029776,160,0,1,High
29,32.89348855,117,0,0,Medium
29,28.93929865,84,0,0,Low
38,20.06780045,192,0,0,Medium
25,24.39589077,196,1,0,Medium
39,39.64210079,167,0,0,High
39,39.13572454,153,0,1,High
18,25.05071175,110,1,0,Medium
21,39.91852969,165,0,0,High
38,36.6021263,137,1,0,High
28,31.44110899,74,1,0,Medium
20,18.88274165,122,0,0,Low
30,37.83183025,191,0,0,High
42,30.26344414,91,0,1,High
34,37.10647533,175,1,0,High
39,36.35744064,76,0,0,Medium
39,36.32613673,115,0,0,High
27,33.35982494,99,1,0,Medium
38,24.41113305,195,0,0,Medium
29,25.39552567,170,0,0,Medium
32,24.78632268,148,1,0,Medium
38,18.44101199,136,0,1,High
27,30.816516,92,1,1,High
31,33.37434075,143,1,0,High
30,36.78505186,74,0,0,Low
22,21.08363953,151,1,0,Medium
23,29.97202928,94,0,1,Low
41,18.17617909,77,1,1,High
19,20.09206025,71,0,1,Low
39,19.19265837,91,0,0,Low
34,33.96051675,141,0,1,High
21,19.78331041,156,0,1,High
31,33.76196559,141,1,0,High
27,23.4917435,137,1,0,Medium
20,37.30968514,133,1,0,High
42,35.88929974,163,0,0,High
20,39.07226478,88,0,0,Low
32,37.44276434,197,1,0,High
23,38.53324722,156,0,0,High
34,36.89233272,151,1,0,High
29,33.25440181,156,1,0,High
39,21.74570135,166,0,0,Medium
37,23.97756541,121,1,0,Medium
41,22.67999325,151,1,1,High
28,31.27888733,166,1,1,High
42,29.07963864,184,0,1,High
21,37.07575994,161,0,0,High
43,38.95880306,70,0,0,Medium
43,26.90691757,132,0,0,Medium
23,29.13971217,88,0,0,Low
18,39.37335985,100,1,1,High
37,24.07725672,146,1,0,High
40,35.43259706,190,0,0,High
33,22.95527785,93,0,0,Low
32,32.99212254,138,1,1,High
34,23.57954381,128,0,0,Medium
25,37.44213455,183,1,0,High
43,30.35251476,170,1,0,High
29,22.0905401,81,1,0,Low
44,22.93612187,188,1,0,High
39,28.86468231,166,1,1,High
38,39.15524456,126,0,0,High
27,34.93212761,111,0,0,Medium
44,28.74281214,167,0,1,High
32,25.42982118,100,0,0,Low
26,30.08390685,71,1,1,High
19,34.46393834,101,0,1,High
22,35.24642895,174,1,1,High
23,25.14139356,144,0,0,Medium
24,33.8655039,174,0,0,High
38,32.47135316,196,1,1,High
42,39.10047042,78,0,1,High
18,38.48398639,84,1,0,Medium
40,35.36634516,166,1,0,High
43,33.91468315,174,0,0,High
24,24.02891497,132,0,1,High
37,36.61123563,90,0,0,Medium
42,27.40512548,74,1,0,Medium
29,23.98929194,194,1,0,Medium
33,26.45153667,154,0,0,Medium
33,36.39058078,182,1,1,High
28,21.26993074,149,0,0,Medium
38,28.0354923,185,1,0,High
21,28.83186708,166,1,0,Medium
30,18.80585335,90,1,0,Low
24,22.30641265,149,1,0,Medium
21,36.18833343,108,0,0,Medium
32,36.27688255,190,1,0,High
36,24.43313185,193,0,1,High
26,37.24773916,75,1,0,Medium
28,34.97922466,125,0,1,High
25,27.19396464,118,1,0,Medium
18,34.46493958,161,1,0,High
40,39.14936189,198,1,0,High
42,28.0973338,134,0,0,Medium
41,23.24539794,97,1,0,Medium
25,38.719963,169,1,0,High
30,31.28237435,141,1,0,High
39,20.31583357,134,0,0,Medium
44,30.59902195,120,0,0,High
21,29.01277957,118,0,0,Low
25,36.82295567,143,0,0,High
20,29.67529417,81,0,0,Low
26,23.61511356,173,0,0,Medium
19,32.86416941,150,0,1,High
19,29.93665996,196,0,0,Medium
30,23.12698182,83,0,1,Low
32,30.61981287,103,1,0,High
40,36.07378271,117,0,1,High
29,18.62856019,130,0,0,Medium
43,31.87872285,104,0,0,High
21,25.69087431,188,1,0,Medium
43,24.43877181,134,1,0,High
25,26.63693051,128,0,1,High
26,25.52449861,105,0,0,Low
40,36.30926035,111,1,0,High
22,24.04555184,138,0,0,Medium
41,34.12936651,176,0,0,High
37,20.06931605,108,0,0,Medium
35,38.93072019,138,0,0,High
28,31.69096602,81,1,0,Medium
32,33.54780869,152,0,0,High
39,24.55686531,105,1,0,Medium
26,27.06612451,195,1,0,Medium
34,22.9231245,132,0,0,Medium
44,38.51579389,145,0,0,High
43,28.73829784,151,0,0,Medium
29,31.86985854,120,0,1,High
24,34.15398467,112,0,0,Medium
27,26.164334,103,1,1,High
42,33.8422364,166,0,0,High
43,32.87183477,118,1,1,High
42,33.52450535,194,0,0,High
27,28.7630578,126,1,0,Medium
44,26.42462241,162,1,0,High
30,22.88580814,178,0,0,Medium
36,36.14177976,74,0,1,High
28,31.38370102,93,0,0,Low
30,27.77574831,128,0,0,Medium
38,38.76790995,107,0,0,High
25,19.05245388,79,0,1,Low
25,36.70378279,195,0,0,High
21,39.94681704,80,1,0,Medium
32,37.51272644,93,0,0,Low
28,35.82960488,157,0,0,High
28,26.23473185,183,0,1,High
18,23.08891201,90,0,0,Low
34,34.16671145,79,0,0,Low
32,24.70065806,135,1,0,Medium
37,21.87287301,191,0,1,High
23,35.30356952,92,0,0,Low
41,24.87596035,82,0,1,Medium
39,38.11771805,85,0,0,Medium
42,36.49391819,110,0,1,High
32,36.64808725,70,1,1,High
26,34.97453397,180,0,0,High
31,37.37939132,81,0,1,Medium
35,35.72643163,188,1,0,High
43,31.25525,89,0,0,Medium
34,24.50809981,105,0,1,Medium
35,37.54060225,148,1,0,High
22,36.4932797,177,0,0,High
37,28.40334509,165,1,0,High
37,18.85973109,128,0,0,Medium
26,32.047962,89,0,1,Medium
28,19.11313078,195,0,0,Medium
41,38.37815916,166,0,1,High
39,39.15588765,131,0,0,High
18,22.16878321,162,0,0,Medium
35,32.88056632,160,1,0,High
23,20.0299181,192,1,0,Medium
44,34.04937243,155,0,0,High
19,25.64032866,187,0,0,Medium
32,32.98310246,95,1,0,Medium
43,26.2032832,187,1,0,High
38,21.20248522,70,0,0,Low
31,26.93441957,76,1,0,Low
22,20.47881759,145,0,0,Medium
23,30.69143205,156,0,1,High
23,18.90093371,163,0,0,Medium
39,29.60103295,130,1,0,High
35,37.50011024,98,1,1,High
31,36.43321194,164,1,0,High
27,37.42119739,87,0,0,Low
31,38.28507365,110,1,1,High
30,20.29961353,110,0,0,Low
20,20.83243846,192,0,0,Medium
23,30.25414974,91,0,0,Low
25,37.66739871,149,0,1,High
29,39.43568804,199,1,1,High
30,19.01776218,105,0,1,Medium
28,25.82702985,89,1,0,Low
29,22.6836736,136,0,0,Medium
18,34.63124868,189,0,0,High
34,32.08426511,124,1,0,High
33,20.63753669,135,0,1,High
28,28.63748548,95,1,0,Low
30,33.07969149,199,1,0,High
35,35.13811867,125,0,0,High
28,18.44115962,103,1,0,Medium
29,37.59033063,125,0,0,Medium
23,30.52419042,124,1,0,High
26,35.86200053,89,0,0,Low
33,35.77463666,119,0,0,Medium
21,22.17675853,153,0,1,High
20,20.42378665,122,0,1,Medium
33,33.86831992,180,1,0,High
41,21.44139221,181,1,1,High
44,36.69862481,138,1,0,High
43,33.97616864,71,0,0,Medium
42,36.52015802,85,1,0,High
29,24.57827895,163,0,0,Medium
28,24.96515733,114,0,0,Low
22,32.76687424,195,0,0,High
42,18.69181101,93,0,0,Low
35,33.98292842,184,1,0,High
36,36.38722756,192,0,0,High
40,27.13359891,147,0,0,Medium
40,34.82733426,186,1,0,High
23,21.84144017,149,1,0,Medium
39,25.08972866,119,1,0,Medium
35,39.43470919,154,0,0,High
43,39.69921982,73,1,0,High
23,29.27731117,130,0,0,Medium
21,38.55393541,180,0,1,High
29,29.50007492,147,1,0,Medium
36,24.41493882,152,1,0,High
44,23.87178434,169,1,0,High
19,38.44912552,100,0,0,Medium
34,21.79382056,188,1,0,Medium
28,30.75191408,163,1,1,High
28,30.2215515,99,0,0,Low
38,34.27167706,124,0,1,High
33,28.98334397,174,1,0,Medium
19,23.99028454,110,0,0,Low
19,21.72672299,143,1,1,High
40,31.65801368,146,0,1,High
25,33.81779665,154,1,1,High
30,30.52946813,173,1,1,High
27,34.2437281,148,0,0,High
25,21.11346645,153,1,0,Medium
21,37.41434429,193,0,0,High
32,30.81270118,101,0,0,Medium
18,20.79056639,75,0,0,Low
28,28.16235449,163,0,0,Medium
24,36.58541823,95,1,0,Medium
34,37.74636826,106,1,1,High
44,23.82228911,82,0,0,Low
37,33.64784814,162,0,0,High
41,20.19967544,94,0,0,Low
35,18.73800917,89,1,0,Medium
39,30.32877698,141,1,0,High
39,33.28620675,184,1,1,High
29,35.50730809,196,1,0,High
26,25.48475725,95,0,1,Low
22,18.14355903,123,0,0,Low
27,28.54942322,194,1,0,Medium
21,18.348778,80,1,0,Low
22,20.02365923,96,1,0,Low
27,25.1871585,163,1,0,Medium
28,27.61778509,152,1,0,Medium
38,24.14832771,103,1,0,Medium
41,30.80103586,107,1,0,High
27,19.21769536,156,1,1,High
25,21.18075363,134,0,0,Medium
19,33.29568482,121,0,0,Medium
40,21.12709878,99,0,0,Low
25,32.07505443,182,1,0,High
33,19.20306166,77,0,0,Low
44,26.96241014,141,0,0,Medium
39,21.90300834,101,0,0,Medium
22,20.41199822,164,1,0,Medium
44,30.47472124,110,0,0,High
42,38.42338698,144,0,0,High
20,19.20531505,114,0,0,Low
29,27.27419346,82,1,0,Low
30,33.56577963,88,0,0,Low
30,28.1791323,122,0,0,Low
27,35.74291081,72,1,0,Medium
21,21.95219695,165,0,0,Medium
26,39.11107251,83,0,0,Low
39,26.47357781,189,1,1,High
41,25.51453192,82,0,0,Low
40,37.24132748,141,1,1,High
44,30.4050747,151,0,0,High
19,29.36177552,126,0,0,Medium
36,33.99351423,76,1,0,High
18,30.75635324,181,1,0,High
42,21.57534418,117,0,1,High
24,32.8323477,149,0,1,High
34,20.93631534,188,1,0,Medium
20,35.72886952,189,1,0,High
37,39.77420515,129,0,0,High
37,26.30252775,102,1,1,High
38,27.78462976,184,0,0,Medium
20,19.02154042,197,0,0,Medium
20,18.30213014,72,0,0,Low
34,38.27122537,73,0,1,Medium
24,20.82972933,169,0,1,High
44,27.80713245,73,0,1,Medium
43,35.93780172,111,0,0,High
31,37.56501272,78,0,0,Low
34,29.42674908,120,0,0,Low
35,30.43071555,166,0,0,High
30,32.73304739,89,1,0,Medium
37,39.15041434,91,0,0,Medium
37,31.25873914,96,1,0,High
38,30.30845571,112,0,0,High
44,18.31975098,163,0,1,High
35,19.78089344,77,0,0,Low
21,30.69777579,155,1,0,High
18,38.59728853,158,0,0,High
35,37.06720966,182,0,0,High
18,39.61673631,90,1,1,High
43,29.61234883,78,1,0,Medium
43,35.33448065,105,1,0,High
30,36.48880729,105,0,0,Medium
37,32.25669646,142,0,0,High
37,25.45249789,70,1,0,Medium
40,28.33952556,138,0,0,Medium
27,36.87417559,106,1,0,High
44,24.56805437,141,1,0,High
28,38.32234889,176,1,1,High
26,23.05573951,165,0,1,High
26,34.48936113,153,0,1,High
22,31.87230316,112,1,1,High
43,34.4911877,106,0,0,High
18,27.62164659,94,0,0,Low
34,38.51810338,142,0,0,High
39,31.91438845,111,0,0,High
19,24.3425077,71,0,0,Low
41,32.04601155,165,1,0,High
30,24.30994644,130,0,0,Medium
26,24.45991262,83,0,0,Low
21,26.79116726,182,0,0,Medium
22,36.75346919,146,0,0,High
28,29.00655324,90,1,0,Low
41,32.93581853,133,1,0,High
36,26.62329029,126,0,1,High
38,23.79931968,188,1,0,High
20,39.00208354,121,0,0,Medium
29,31.27878744,164,1,0,High
43,38.54692945,158,0,0,High
36,22.47508605,79,0,0,Low
36,21.23167161,121,0,0,Medium
30,36.82810396,103,1,1,High
24,32.98017868,184,0,0,High
32,22.10472698,194,1,0,Medium
40,23.92591341,112,0,0,Medium
24,35.61460671,98,1,0,Medium
43,27.98510964,175,0,0,Medium
25,32.75189114,189,1,0,High
22,25.00374449,150,0,1,High
38,26.38705896,100,0,0,Medium
31,39.79567629,197,1,0,High
21,23.44757592,107,1,0,Medium
40,29.14204029,170,1,1,High
27,36.57685155,199,0,0,High
37,23.2629107,81,0,0,Low
32,27.13470265,104,0,1,Medium
35,31.53200832,179,0,0,High
37,28.58613933,141,0,0,Medium
30,28.10904986,179,0,1,High
25,25.97521409,130,1,0,Medium
26,30.90621921,117,1,0,High
33,31.73619935,140,0,0,High
36,32.3723699,137,0,0,High
33,19.54809837,91,0,0,Low
24,31.88275187,101,1,0,High
31,38.97121793,192,0,0,High
31,29.90169718,91,1,0,Low
42,33.73587582,179,0,0,High
44,30.24811077,84,0,1,High
21,36.80429361,193,1,0,High
43,38.45082808,113,1,1,High
32,22.05283778,184,0,0,Medium
20,27.6109208,78,0,0,Low
22,26.63240622,103,1,1,High
18,26.91473271,142,0,0,Medium
20,20.76153199,114,1,0,Medium
32,35.89954597,141,1,0,High
41,18.78685735,127,1,0,High
44,29.62098537,184,0,0,Medium
25,32.56132454,88,0,1,Medium
21,22.56432764,85,1,0,Low
19,37.92870423,144,0,1,High
41,36.44808255,175,0,0,High
41,28.36384205,143,1,1,High
27,27.04527651,87,0,0,Low
21,23.20449435,112,1,1,High
20,34.05985094,119,1,0,High
19,20.89836359,72,1,1,Medium
42,32.96523058,128,1,0,High
34,36.53405369,97,0,0,Low
40,23.02637467,115,0,0,Medium
38,37.06140286,133,1,1,High
41,18.73311039,139,0,0,Medium
37,38.08132248,116,1,0,High
40,20.60396901,175,1,0,High
30,32.20670191,150,0,0,High
22,23.50181432,120,1,0,Medium
38,36.40415261,98,0,0,Medium
26,29.27060794,182,0,0,Medium
42,20.97530621,197,1,0,High
42,30.56181457,159,1,1,High
39,26.97341742,94,0,1,Medium
23,32.55185197,110,0,0,Medium
22,37.40187226,138,0,0,High
42,27.00656089,73,0,0,Low
27,24.37737495,174,0,0,Medium
25,18.31933208,100,0,0,Low
24,30.64645883,186,1,0,High
24,26.85004488,159,1,0,Medium
23,26.24228282,135,0,0,Medium
38,22.02457707,157,0,0,Medium
37,27.46121759,93,1,0,Medium
20,39.65772298,168,1,0,High
36,24.55059138,174,1,1,High
39,31.19349709,88,0,0,Medium
32,35.08271139,135,0,0,High
21,34.48147211,129,0,0,High
29,25.23303432,184,1,0,Medium
23,31.43892184,84,0,0,Low
36,37.16782308,154,0,0,High
21,18.33984341,157,0,0,Medium
32,27.58615585,76,0,0,Low
26,22.9340152,75,1,0,Low
22,26.54991039,194,0,0,Medium
30,27.15177138,102,1,0,Medium
40,34.42676123,127,0,0,High
43,20.06408119,179,0,0,Medium
35,29.27684587,111,0,1,High
22,30.41228542,163,0,0,High
42,28.87146728,198,0,0,Medium
33,34.10121157,148,1,0,High
44,26.44340763,164,1,0,High
36,38.7892754,180,0,0,High
31,28.59967574,166,0,0,Medium
42,30.56670601,188,1,1,High
33,36.16167811,138,0,0,High
44,24.05519433,121,0,0,Medium
32,19.65444463,191,0,0,Medium
39,33.57124752,98,1,0,High
21,28.62626082,173,0,1,High
24,37.72309352,70,0,1,Medium
33,39.61896107,98,0,0,Low
41,26.78040571,138,0,1,High
39,27.13965836,122,0,0,Medium
38,26.97517725,193,1,0,High
39,25.14019041,157,1,1,High
38,35.19711615,152,0,0,High
25,34.69790677,81,0,0,Low
34,28.53018715,121,1,0,Medium
33,18.98254676,198,1,1,High
44,24.81030463,196,0,1,High
40,24.43066702,140,0,1,High
27,35.84391942,86,0,1,Medium
27,19.92666262,72,0,0,Low
44,35.72485834,98,0,0,Medium
19,32.72204035,91,1,0,Medium
26,34.1137121,123,0,0,Medium
34,27.50869013,176,1,0,Medium
28,32.95396751,138,1,0,High
27,31.39863678,189,1,0,High
39,34.9175643,116,0,1,High
42,27.82893636,89,0,0,Low
34,28.40216375,90,1,1,Medium
21,32.1586769,70,1,1,High
33,20.37770486,86,1,0,Low
37,27.59737786,120,0,0,Medium
32,39.3829186,83,0,0,Low
42,18.82615104,128,1,0,High
44,24.9521039,152,0,0,Medium
38,24.91041602,119,0,0,Medium
22,31.93621062,193,0,0,High
23,20.32760791,103,0,0,Low
34,31.82796868,75,0,0,Low
18,20.09088529,178,0,0,Medium
42,20.08898024,118,0,0,Medium
36,34.02003386,75,1,1,High
21,25.13097382,186,0,0,Medium
34,39.50330485,187,0,1,High
26,18.8217646,76,1,0,Low
41,27.7923466,166,0,0,Medium
19,20.48899063,187,0,0,Medium
25,25.73033727,198,1,0,Medium
32,39.96089391,96,1,1,High
24,37.55453526,185,0,1,High
44,19.06313699,127,0,0,Medium
23,30.39162856,158,1,0,High
18,32.25209071,166,0,0,High
32,22.60976173,86,1,0,Low
40,21.19232261,170,1,0,High
43,37.89638496,98,1,1,High
24,39.31396171,171,0,0,High
42,39.82164286,192,0,0,High
34,35.37475902,123,1,1,High
19,32.59704553,96,0,0,Low
44,25.60606555,171,0,0,Medium
26,21.77076287,186,1,0,Medium
26,19.73757319,173,0,0,Medium
30,33.25254431,114,0,0,Medium
23,35.26391513,183,1,0,High
23,36.18198035,156,0,0,High
37,38.10283007,100,0,0,High
37,37.3584504,106,0,0,High
38,39.99430799,105,1,0,High
20,23.36940824,188,0,0,Medium
34,34.79276753,74,0,0,Low
34,30.90210927,121,1,0,High
29,23.74739291,118,1,0,Medium
33,39.60191709,75,0,1,Medium
32,37.75375831,192,1,0,High
30,20.82734471,187,0,0,Medium
40,18.57548353,92,1,0,Medium
18,33.14327677,179,0,0,High
34,31.29087383,113,0,0,Medium
20,38.58794373,110,1,1,High
43,23.14811632,119,0,0,Medium
32,19.85653485,121,0,1,Medium
